X,Y,OBJECTID,FACILITY_SIZE,SPDES_ID,FACILITY_NAME,MOREINFO
612872.2377,4778887.1283,462,Large,NYA00E001,Thomas Poultry Farm,https://dec.ny.gov/regulatory/permits-licenses/wastewater-stormwater-water-withdrawal/spdes-permit-program/concentrated-animal-feeding-operations
261844.7256,4760737.9142,463,Large,NYA00E002,"Mowacres Farm II, LLC",https://dec.ny.gov/regulatory/permits-licenses/wastewater-stormwater-water-withdrawal/spdes-permit-program/concentrated-animal-feeding-operations
459115.8407,4770258.5758,464,Medium,NYA00E003,Vaill Brothers LLC,https://dec.ny.gov/regulatory/permits-licenses/wastewater-stormwater-water-withdrawal/spdes-permit-program/concentrated-animal-feeding-operations
397027.9103,4652258.1236,465,Medium,NYA00E005,"Mead Farm, LLC",https://dec.ny.gov/regulatory/permits-licenses/wastewater-stormwater-water-withdrawal/spdes-permit-program/concentrated-animal-feeding-operations
550511.4543,4724368.5412,466,Medium,NYA00E006,Stanton Family Farm LLC,https://dec.ny.gov/regulatory/permits-licenses/wastewater-stormwater-water-withdrawal/spdes-permit-program/concentrated-animal-feeding-operations
364239.9024,4752698.1258,467,Large,NYA00E007,"Aurora-Oakwood Dairy, LLC",https://dec.ny.gov/regulatory/permits-licenses/wastewater-stormwater-water-withdrawal/spdes-permit-program/concentrated-animal-feeding-operations
368650.7757,4746597.2715,468,Large,NYA00E008,"Spruce Haven Farm, LLC",https://dec.ny.gov/regulatory/permits-licenses/wastewater-stormwater-water-withdrawal/spdes-permit-program/concentrated-animal-feeding-operations
364366.9656,4733142.8401,469,Large,NYA00E009,"Aurora Ridge Dairy, LLC",https://dec.ny.gov/regulatory/permits-licenses/wastewater-stormwater-water-withdrawal/spdes-permit-program/concentrated-animal-feeding-operations
290795.1675,4691443.3766,470,Medium,NYA00E011,Palmer Farms,https://dec.ny.gov/regulatory/permits-licenses/wastewater-stormwater-water-withdrawal/spdes-permit-program/concentrated-animal-feeding-operations
366948.1377,4725618.7338,471,Large,NYA00E012,"Fessenden Dairy, LLC",https://dec.ny.gov/regulatory/permits-licenses/wastewater-stormwater-water-withdrawal/spdes-permit-program/concentrated-animal-feeding-operations
427054.213,4767033.6769,472,Large,NYA00E013,Tuscarora Dairy LLC,https://dec.ny.gov/regulatory/permits-licenses/wastewater-stormwater-water-withdrawal/spdes-permit-program/concentrated-animal-feeding-operations
540000.7338,4736772.3378,473,Medium,NYA00E014,"Argus Acres, L.L.C.",https://dec.ny.gov/regulatory/permits-licenses/wastewater-stormwater-water-withdrawal/spdes-permit-program/concentrated-animal-feeding-operations
234592.966,4750289.0853,474,Large,NYA00E015,Red Maples Dairy,https://dec.ny.gov/regulatory/permits-licenses/wastewater-stormwater-water-withdrawal/spdes-permit-program/concentrated-animal-feeding-operations
240326.7723,4759247.8843,475,Large,NYA00E016,Baskin Livestock,https://dec.ny.gov/regulatory/permits-licenses/wastewater-stormwater-water-withdrawal/spdes-permit-program/concentrated-animal-feeding-operations
234588.8355,4752922.3063,476,Large,NYA00E017,McCormick Family Dairy,https://dec.ny.gov/regulatory/permits-licenses/wastewater-stormwater-water-withdrawal/spdes-permit-program/concentrated-animal-feeding-operations
309677.0487,4692332.7685,477,Medium,NYA00E018,Blue Gill Farms,https://dec.ny.gov/regulatory/permits-licenses/wastewater-stormwater-water-withdrawal/spdes-permit-program/concentrated-animal-feeding-operations
452394.651,4867917.3772,478,Large,NYA00E019,Beller Farms,https://dec.ny.gov/regulatory/permits-licenses/wastewater-stormwater-water-withdrawal/spdes-permit-program/concentrated-animal-feeding-operations
359170.2639,4696250.8132,479,Medium,NYA00E020,"Gaige Farms, Inc.",https://dec.ny.gov/regulatory/permits-licenses/wastewater-stormwater-water-withdrawal/spdes-permit-program/concentrated-animal-feeding-operations
238539.4296,4770835.7216,480,Medium,NYA00E021,Post Dairy Farms,https://dec.ny.gov/regulatory/permits-licenses/wastewater-stormwater-water-withdrawal/spdes-permit-program/concentrated-animal-feeding-operations
617466.7097,4761704.1246,481,Large,NYA00E022,"Allenwaite Farms, Inc.",https://dec.ny.gov/regulatory/permits-licenses/wastewater-stormwater-water-withdrawal/spdes-permit-program/concentrated-animal-feeding-operations
513649.9105,4758562.4546,482,Large,NYA00E023,Insight Dairy,https://dec.ny.gov/regulatory/permits-licenses/wastewater-stormwater-water-withdrawal/spdes-permit-program/concentrated-animal-feeding-operations
472165.798,4954468.1843,483,Medium,NYA00E024,Twin Mill Farms,https://dec.ny.gov/regulatory/permits-licenses/wastewater-stormwater-water-withdrawal/spdes-permit-program/concentrated-animal-feeding-operations
450558.0426,4857608.1034,484,Large,NYA00E025,Moserdale Dairy,https://dec.ny.gov/regulatory/permits-licenses/wastewater-stormwater-water-withdrawal/spdes-permit-program/concentrated-animal-feeding-operations
466154.998,4839003.7497,485,Large,NYA00E026,Woods Hill Farm,https://dec.ny.gov/regulatory/permits-licenses/wastewater-stormwater-water-withdrawal/spdes-permit-program/concentrated-animal-feeding-operations
463125.6097,4838799.6167,486,Large,NYA00E027,Demko Dairy,https://dec.ny.gov/regulatory/permits-licenses/wastewater-stormwater-water-withdrawal/spdes-permit-program/concentrated-animal-feeding-operations
304937.6242,4703374.4052,487,Large,NYA00E028,J.P. Swine Enterprises,https://dec.ny.gov/regulatory/permits-licenses/wastewater-stormwater-water-withdrawal/spdes-permit-program/concentrated-animal-feeding-operations
232990.1887,4777491.8407,488,Large,NYA00E029,Lamb Farms,https://dec.ny.gov/regulatory/permits-licenses/wastewater-stormwater-water-withdrawal/spdes-permit-program/concentrated-animal-feeding-operations
316954.1562,4669651.6312,489,Large,NYA00E030,Dwi-Bet Farms,https://dec.ny.gov/regulatory/permits-licenses/wastewater-stormwater-water-withdrawal/spdes-permit-program/concentrated-animal-feeding-operations
371402.2619,4731635.6456,490,Large,NYA00E031,"Sunnyside Farms, Inc.",https://dec.ny.gov/regulatory/permits-licenses/wastewater-stormwater-water-withdrawal/spdes-permit-program/concentrated-animal-feeding-operations
345309.7907,4786117.4381,491,Medium,NYA00E032,"Marshall Farms, LTD",https://dec.ny.gov/regulatory/permits-licenses/wastewater-stormwater-water-withdrawal/spdes-permit-program/concentrated-animal-feeding-operations
313068.7173,4711448.8327,492,Large,NYA00E033,"Damin Farms, LLC",https://dec.ny.gov/regulatory/permits-licenses/wastewater-stormwater-water-withdrawal/spdes-permit-program/concentrated-animal-feeding-operations
449860.9874,4855430.4724,493,Medium,NYA00E034,Kennell Farms,https://dec.ny.gov/regulatory/permits-licenses/wastewater-stormwater-water-withdrawal/spdes-permit-program/concentrated-animal-feeding-operations
353965.8666,4782853.1331,494,Large,NYA00E035,"Merrell Dairy, LLC",https://dec.ny.gov/regulatory/permits-licenses/wastewater-stormwater-water-withdrawal/spdes-permit-program/concentrated-animal-feeding-operations
109419.17,4674073.4497,495,Large,NYA00E036,"Schofield Farms, LLC",https://dec.ny.gov/regulatory/permits-licenses/wastewater-stormwater-water-withdrawal/spdes-permit-program/concentrated-animal-feeding-operations
435945.5286,4863195.3859,496,Large,NYA00E037,Milk Street Dairy,https://dec.ny.gov/regulatory/permits-licenses/wastewater-stormwater-water-withdrawal/spdes-permit-program/concentrated-animal-feeding-operations
377301.5968,4721787.5813,497,Large,NYA00E038,Willet Dairy LLC,https://dec.ny.gov/regulatory/permits-licenses/wastewater-stormwater-water-withdrawal/spdes-permit-program/concentrated-animal-feeding-operations
408992.3282,4849882.1568,498,Large,NYA00E039,Sheland Farms,https://dec.ny.gov/regulatory/permits-licenses/wastewater-stormwater-water-withdrawal/spdes-permit-program/concentrated-animal-feeding-operations
440240.047,4862944.91,499,Large,NYA00E040,Murcrest Farms,https://dec.ny.gov/regulatory/permits-licenses/wastewater-stormwater-water-withdrawal/spdes-permit-program/concentrated-animal-feeding-operations
618393.6708,4765510.9297,500,Medium,NYA00E041,"Brotherhood Farms, LLC",https://dec.ny.gov/regulatory/permits-licenses/wastewater-stormwater-water-withdrawal/spdes-permit-program/concentrated-animal-feeding-operations
370859.9734,4734964.8946,501,Large,NYA00E042,"Vansridge Dairy, LLC",https://dec.ny.gov/regulatory/permits-licenses/wastewater-stormwater-water-withdrawal/spdes-permit-program/concentrated-animal-feeding-operations
280537.0569,4697209.7166,502,Medium,NYA00E043,L. H. Briggs,https://dec.ny.gov/regulatory/permits-licenses/wastewater-stormwater-water-withdrawal/spdes-permit-program/concentrated-animal-feeding-operations
259015.9036,4749473.4881,503,Large,NYA00E045,Noblehurst Farms,https://dec.ny.gov/regulatory/permits-licenses/wastewater-stormwater-water-withdrawal/spdes-permit-program/concentrated-animal-feeding-operations
465601.5376,4933540.8196,504,Medium,NYA00E047,DORI B's FARM,https://dec.ny.gov/regulatory/permits-licenses/wastewater-stormwater-water-withdrawal/spdes-permit-program/concentrated-animal-feeding-operations
504206.39,4941846.3515,505,Large,NYA00E048,ADON FARMS OPERATIONS LLC,https://dec.ny.gov/regulatory/permits-licenses/wastewater-stormwater-water-withdrawal/spdes-permit-program/concentrated-animal-feeding-operations
472174.6116,4938436.6277,506,Large,NYA00E049,"KELLY DAIRY, LLC",https://dec.ny.gov/regulatory/permits-licenses/wastewater-stormwater-water-withdrawal/spdes-permit-program/concentrated-animal-feeding-operations
485183.6674,4937714.2116,507,Medium,NYA00E050,"TERIELE FAMILY DAIRY, LLC",https://dec.ny.gov/regulatory/permits-licenses/wastewater-stormwater-water-withdrawal/spdes-permit-program/concentrated-animal-feeding-operations
407646.0038,4847600.747,508,Medium,NYA00E052,BELLE WOOD FARMS,https://dec.ny.gov/regulatory/permits-licenses/wastewater-stormwater-water-withdrawal/spdes-permit-program/concentrated-animal-feeding-operations
409024.571,4844632.4824,509,Large,NYA00E053,DOUBLEDALE FARM LLC,https://dec.ny.gov/regulatory/permits-licenses/wastewater-stormwater-water-withdrawal/spdes-permit-program/concentrated-animal-feeding-operations
483485.9447,4913311.1588,510,Medium,NYA00E054,"GOTHAM FAMILY FARM, LLC",https://dec.ny.gov/regulatory/permits-licenses/wastewater-stormwater-water-withdrawal/spdes-permit-program/concentrated-animal-feeding-operations
352091.443,4719571.0696,511,Medium,NYA00E056,Maybury Wayken Up Cattle LLC,https://dec.ny.gov/regulatory/permits-licenses/wastewater-stormwater-water-withdrawal/spdes-permit-program/concentrated-animal-feeding-operations
478064.5899,4924502.6178,512,Large,NYA00E057,"GEBARTEN ACRES OPERATIONS, LLC",https://dec.ny.gov/regulatory/permits-licenses/wastewater-stormwater-water-withdrawal/spdes-permit-program/concentrated-animal-feeding-operations
549688.9046,4718853.053,513,Medium,NYA00E058,"Crossbrook Farm, LLC",https://dec.ny.gov/regulatory/permits-licenses/wastewater-stormwater-water-withdrawal/spdes-permit-program/concentrated-animal-feeding-operations
465910.6176,4937940.2619,514,Large,NYA00E059,CHAMBERS FARMS LLC,https://dec.ny.gov/regulatory/permits-licenses/wastewater-stormwater-water-withdrawal/spdes-permit-program/concentrated-animal-feeding-operations
143502.7115,4694001.0469,515,Medium,NYA00E060,"Chautauqua Hilltop Organic, LLC",https://dec.ny.gov/regulatory/permits-licenses/wastewater-stormwater-water-withdrawal/spdes-permit-program/concentrated-animal-feeding-operations
112093.8502,4663099.5814,516,Medium,NYA00E061,"Dunnewold Farms, LLC",https://dec.ny.gov/regulatory/permits-licenses/wastewater-stormwater-water-withdrawal/spdes-permit-program/concentrated-animal-feeding-operations
195561.4277,4709311.5525,517,Medium,NYA00E062,"Blesy Farms, LLC",https://dec.ny.gov/regulatory/permits-licenses/wastewater-stormwater-water-withdrawal/spdes-permit-program/concentrated-animal-feeding-operations
181289.0904,4718555.7904,518,Large,NYA00E063,"Rolling Meadows Farm, LLC",https://dec.ny.gov/regulatory/permits-licenses/wastewater-stormwater-water-withdrawal/spdes-permit-program/concentrated-animal-feeding-operations
108296.8244,4669199.3208,519,Medium,NYA00E064,"4 Jacks Dairy, LLC",https://dec.ny.gov/regulatory/permits-licenses/wastewater-stormwater-water-withdrawal/spdes-permit-program/concentrated-animal-feeding-operations
169911.3545,4695614.9783,520,Medium,NYA00E065,"Eden Valley Organics, LLC",https://dec.ny.gov/regulatory/permits-licenses/wastewater-stormwater-water-withdrawal/spdes-permit-program/concentrated-animal-feeding-operations
227167.1838,4703617.8617,521,Medium,NYA00E066,"Nichols Farm, LLC",https://dec.ny.gov/regulatory/permits-licenses/wastewater-stormwater-water-withdrawal/spdes-permit-program/concentrated-animal-feeding-operations
193852.0056,4693106.5469,522,Medium,NYA00E067,"Telaak Farms, LLC",https://dec.ny.gov/regulatory/permits-licenses/wastewater-stormwater-water-withdrawal/spdes-permit-program/concentrated-animal-feeding-operations
110468.6324,4660597.5407,523,Large,NYA00E068,Cutting Edge Dairies LLC,https://dec.ny.gov/regulatory/permits-licenses/wastewater-stormwater-water-withdrawal/spdes-permit-program/concentrated-animal-feeding-operations
110299.3354,4666259.9297,524,Medium,NYA00E069,"Willink Farms, LLC",https://dec.ny.gov/regulatory/permits-licenses/wastewater-stormwater-water-withdrawal/spdes-permit-program/concentrated-animal-feeding-operations
376530.7805,4721555.2496,525,Large,NYA00E071,"Elkendale Farm, LLC",https://dec.ny.gov/regulatory/permits-licenses/wastewater-stormwater-water-withdrawal/spdes-permit-program/concentrated-animal-feeding-operations
523759.5811,4613059.0627,526,Medium,NYA00E072,"Monticello Raceway Mgmt, inc.",https://dec.ny.gov/regulatory/permits-licenses/wastewater-stormwater-water-withdrawal/spdes-permit-program/concentrated-animal-feeding-operations
275627.8977,4751383.1075,527,Medium,NYA00E073,LeFeber Farms,https://dec.ny.gov/regulatory/permits-licenses/wastewater-stormwater-water-withdrawal/spdes-permit-program/concentrated-animal-feeding-operations
308607.7016,4750834.4981,528,Medium,NYA00E074,Fa-Ba Farms,https://dec.ny.gov/regulatory/permits-licenses/wastewater-stormwater-water-withdrawal/spdes-permit-program/concentrated-animal-feeding-operations
268826.1228,4765259.8222,529,Medium,NYA00E076,Paul Stein and Sons,https://dec.ny.gov/regulatory/permits-licenses/wastewater-stormwater-water-withdrawal/spdes-permit-program/concentrated-animal-feeding-operations
270117.8931,4784382.3028,530,Medium,NYA00E077,Colby Homestead Farms,https://dec.ny.gov/regulatory/permits-licenses/wastewater-stormwater-water-withdrawal/spdes-permit-program/concentrated-animal-feeding-operations
270009.0367,4780113.2569,531,Medium,NYA00E078,Leibeck Farm,https://dec.ny.gov/regulatory/permits-licenses/wastewater-stormwater-water-withdrawal/spdes-permit-program/concentrated-animal-feeding-operations
456310.1272,4725966.3235,532,Medium,NYA00E080,"Happy Valley Farm, LLC",https://dec.ny.gov/regulatory/permits-licenses/wastewater-stormwater-water-withdrawal/spdes-permit-program/concentrated-animal-feeding-operations
456098.2913,4729479.7323,533,Medium,NYA00E081,"Indian Camp Farm, LLC",https://dec.ny.gov/regulatory/permits-licenses/wastewater-stormwater-water-withdrawal/spdes-permit-program/concentrated-animal-feeding-operations
472286.5342,4721941.0291,534,Medium,NYA00E082,"Johnson Farms, LLC",https://dec.ny.gov/regulatory/permits-licenses/wastewater-stormwater-water-withdrawal/spdes-permit-program/concentrated-animal-feeding-operations
271949.089,4739242.2949,535,Medium,NYA00E083,Kingston Farms,https://dec.ny.gov/regulatory/permits-licenses/wastewater-stormwater-water-withdrawal/spdes-permit-program/concentrated-animal-feeding-operations
325447.0928,4762482.5297,536,Medium,NYA00E084,"Reedland Farms, LLC",https://dec.ny.gov/regulatory/permits-licenses/wastewater-stormwater-water-withdrawal/spdes-permit-program/concentrated-animal-feeding-operations
438282.1031,4763572.7552,537,Large,NYA00E086,Maple Tree Gas Farm,https://dec.ny.gov/regulatory/permits-licenses/wastewater-stormwater-water-withdrawal/spdes-permit-program/concentrated-animal-feeding-operations
620454.8882,4971791.283,538,Medium,NYA00E087,Miner Institute ,https://dec.ny.gov/regulatory/permits-licenses/wastewater-stormwater-water-withdrawal/spdes-permit-program/concentrated-animal-feeding-operations
617343.9705,4933506.7987,539,Large,NYA00E088,Adirondack Farms,https://dec.ny.gov/regulatory/permits-licenses/wastewater-stormwater-water-withdrawal/spdes-permit-program/concentrated-animal-feeding-operations
613801.8066,4778073.8156,540,Large,NYA00E089,Welcome Stock Farm,https://dec.ny.gov/regulatory/permits-licenses/wastewater-stormwater-water-withdrawal/spdes-permit-program/concentrated-animal-feeding-operations
547477.201,4963961.1197,541,Large,NYA00E090,Carsada Dairy,https://dec.ny.gov/regulatory/permits-licenses/wastewater-stormwater-water-withdrawal/spdes-permit-program/concentrated-animal-feeding-operations
599665.1904,4972978.7102,542,Medium,NYA00E091,Three L Farm,https://dec.ny.gov/regulatory/permits-licenses/wastewater-stormwater-water-withdrawal/spdes-permit-program/concentrated-animal-feeding-operations
574821.5148,4978324.5992,543,Large,NYA00E092,Trainer Farm,https://dec.ny.gov/regulatory/permits-licenses/wastewater-stormwater-water-withdrawal/spdes-permit-program/concentrated-animal-feeding-operations
619392.2959,4938837.1328,544,Large,NYA00E093,Remillard Farm,https://dec.ny.gov/regulatory/permits-licenses/wastewater-stormwater-water-withdrawal/spdes-permit-program/concentrated-animal-feeding-operations
614341.8369,4943355.0977,545,Medium,NYA00E094,Ashline Dairy,https://dec.ny.gov/regulatory/permits-licenses/wastewater-stormwater-water-withdrawal/spdes-permit-program/concentrated-animal-feeding-operations
608083.3153,4767390.8137,546,Medium,NYA00E095,Koval Brothers Dairy,https://dec.ny.gov/regulatory/permits-licenses/wastewater-stormwater-water-withdrawal/spdes-permit-program/concentrated-animal-feeding-operations
550576.8259,4968461.4627,547,Large,NYA00E096,PAPAS Dairy,https://dec.ny.gov/regulatory/permits-licenses/wastewater-stormwater-water-withdrawal/spdes-permit-program/concentrated-animal-feeding-operations
566331.1636,4966246.5966,548,Large,NYA00E099,Bilow Farms,https://dec.ny.gov/regulatory/permits-licenses/wastewater-stormwater-water-withdrawal/spdes-permit-program/concentrated-animal-feeding-operations
607221.7807,4768781.5554,549,Large,NYA00E100,Turning Point Dairy,https://dec.ny.gov/regulatory/permits-licenses/wastewater-stormwater-water-withdrawal/spdes-permit-program/concentrated-animal-feeding-operations
637107.0433,4742997.5896,550,Large,NYA00E101,Evergreen Farms,https://dec.ny.gov/regulatory/permits-licenses/wastewater-stormwater-water-withdrawal/spdes-permit-program/concentrated-animal-feeding-operations
590509.1556,4706520.8953,551,Large,NYA00E102,Stanton Farms,https://dec.ny.gov/regulatory/permits-licenses/wastewater-stormwater-water-withdrawal/spdes-permit-program/concentrated-animal-feeding-operations
561314.6559,4747085.7047,552,Large,NYA00E103,Stony Brook Farms,https://dec.ny.gov/regulatory/permits-licenses/wastewater-stormwater-water-withdrawal/spdes-permit-program/concentrated-animal-feeding-operations
607036.8126,4768338.084,553,Medium,NYA00E104,Hanehan Family Dairy,https://dec.ny.gov/regulatory/permits-licenses/wastewater-stormwater-water-withdrawal/spdes-permit-program/concentrated-animal-feeding-operations
626038.7763,4757196.7274,554,Large,NYA00E105,Tiashoke Farms,https://dec.ny.gov/regulatory/permits-licenses/wastewater-stormwater-water-withdrawal/spdes-permit-program/concentrated-animal-feeding-operations
615711.7839,4940281.1643,555,Medium,NYA00E106,Dimock Farms,https://dec.ny.gov/regulatory/permits-licenses/wastewater-stormwater-water-withdrawal/spdes-permit-program/concentrated-animal-feeding-operations
611787.8477,4776301.2898,556,Large,NYA00E107,Kings Ransom Farm,https://dec.ny.gov/regulatory/permits-licenses/wastewater-stormwater-water-withdrawal/spdes-permit-program/concentrated-animal-feeding-operations
611773.8169,4778991.2594,557,Large,NYA00E108,Barber Bros. Dairy,https://dec.ny.gov/regulatory/permits-licenses/wastewater-stormwater-water-withdrawal/spdes-permit-program/concentrated-animal-feeding-operations
624709.4077,4976961.8782,558,Medium,NYA00E109,Rusty Creek Farm,https://dec.ny.gov/regulatory/permits-licenses/wastewater-stormwater-water-withdrawal/spdes-permit-program/concentrated-animal-feeding-operations
559819.4257,4974157.2279,559,Medium,NYA00E110,Oomsview Holsteins,https://dec.ny.gov/regulatory/permits-licenses/wastewater-stormwater-water-withdrawal/spdes-permit-program/concentrated-animal-feeding-operations
487588.6568,4953980.8886,560,Large,NYA00E111,Mapleview Dairy,https://dec.ny.gov/regulatory/permits-licenses/wastewater-stormwater-water-withdrawal/spdes-permit-program/concentrated-animal-feeding-operations
474649.1637,4950225.5056,561,Large,NYA00E112,Five Mile Farm,https://dec.ny.gov/regulatory/permits-licenses/wastewater-stormwater-water-withdrawal/spdes-permit-program/concentrated-animal-feeding-operations
491990.372,4964788.0258,562,Large,NYA00E113,River Breeze Dairy,https://dec.ny.gov/regulatory/permits-licenses/wastewater-stormwater-water-withdrawal/spdes-permit-program/concentrated-animal-feeding-operations
525747.1126,4949156.8742,563,Large,NYA00E114,Forest View Heifers,https://dec.ny.gov/regulatory/permits-licenses/wastewater-stormwater-water-withdrawal/spdes-permit-program/concentrated-animal-feeding-operations
463476.2679,4943254.6559,564,Large,NYA00E115,"Royal-J-Acres, LLC",https://dec.ny.gov/regulatory/permits-licenses/wastewater-stormwater-water-withdrawal/spdes-permit-program/concentrated-animal-feeding-operations
462424.9805,4927747.0168,565,Medium,NYA00E116,Shady Brook Farm,https://dec.ny.gov/regulatory/permits-licenses/wastewater-stormwater-water-withdrawal/spdes-permit-program/concentrated-animal-feeding-operations
458173.2207,4758357.681,566,Large,NYA00E117,Truandvin Dairy,https://dec.ny.gov/regulatory/permits-licenses/wastewater-stormwater-water-withdrawal/spdes-permit-program/concentrated-animal-feeding-operations
635230.8847,4779461.9402,567,Large,NYA00E118,"Woody Hill Farms, LLC",https://dec.ny.gov/regulatory/permits-licenses/wastewater-stormwater-water-withdrawal/spdes-permit-program/concentrated-animal-feeding-operations
638217.594,4757229.0468,568,Large,NYA00E119,"Land View Farms, LLC",https://dec.ny.gov/regulatory/permits-licenses/wastewater-stormwater-water-withdrawal/spdes-permit-program/concentrated-animal-feeding-operations
620863.1965,4757402.1145,569,Medium,NYA00E120,"Wolff Farm, LLC",https://dec.ny.gov/regulatory/permits-licenses/wastewater-stormwater-water-withdrawal/spdes-permit-program/concentrated-animal-feeding-operations
375104.8748,4716883.0728,570,Large,NYA00E121,Walnut Ridge Dairy LLC,https://dec.ny.gov/regulatory/permits-licenses/wastewater-stormwater-water-withdrawal/spdes-permit-program/concentrated-animal-feeding-operations
422608.0369,4743074.0829,571,Large,NYA00E122,"Barbland Dairy, LLC",https://dec.ny.gov/regulatory/permits-licenses/wastewater-stormwater-water-withdrawal/spdes-permit-program/concentrated-animal-feeding-operations
364320.9985,4750873.5982,572,Large,NYA00E123,Patterson Farms Inc.,https://dec.ny.gov/regulatory/permits-licenses/wastewater-stormwater-water-withdrawal/spdes-permit-program/concentrated-animal-feeding-operations
370142.7302,4742751.7356,573,Large,NYA00E124,"Green Hill Dairy, Inc.",https://dec.ny.gov/regulatory/permits-licenses/wastewater-stormwater-water-withdrawal/spdes-permit-program/concentrated-animal-feeding-operations
599885.3068,4768337.4289,574,Large,NYA00E125,Saratoga Harness Racing,https://dec.ny.gov/regulatory/permits-licenses/wastewater-stormwater-water-withdrawal/spdes-permit-program/concentrated-animal-feeding-operations
270369.9612,4727280.5549,575,Large,NYA00E126,Sparta Farm LP,https://dec.ny.gov/regulatory/permits-licenses/wastewater-stormwater-water-withdrawal/spdes-permit-program/concentrated-animal-feeding-operations
262640.2207,4749598.3124,576,Large,NYA00E127,Lawnel Farms 2,https://dec.ny.gov/regulatory/permits-licenses/wastewater-stormwater-water-withdrawal/spdes-permit-program/concentrated-animal-feeding-operations
305621.4241,4750579.7357,577,Large,NYA00E128,Bonna Terra Farm,https://dec.ny.gov/regulatory/permits-licenses/wastewater-stormwater-water-withdrawal/spdes-permit-program/concentrated-animal-feeding-operations
263459.4005,4758430.2263,578,Large,NYA00E129,Stein Family Farms,https://dec.ny.gov/regulatory/permits-licenses/wastewater-stormwater-water-withdrawal/spdes-permit-program/concentrated-animal-feeding-operations
260951.6701,4743769.7615,579,Large,NYA00E130,Thornapple Dairy,https://dec.ny.gov/regulatory/permits-licenses/wastewater-stormwater-water-withdrawal/spdes-permit-program/concentrated-animal-feeding-operations
324043.3421,4759348.9132,580,Large,NYA00E132,Willow Bend Farm,https://dec.ny.gov/regulatory/permits-licenses/wastewater-stormwater-water-withdrawal/spdes-permit-program/concentrated-animal-feeding-operations
261527.0981,4766763.8815,581,Medium,NYA00E133,Pagen Farm,https://dec.ny.gov/regulatory/permits-licenses/wastewater-stormwater-water-withdrawal/spdes-permit-program/concentrated-animal-feeding-operations
296295.2371,4717003.8256,582,Large,NYA00E134,Schum-Acres Dairy Ops,https://dec.ny.gov/regulatory/permits-licenses/wastewater-stormwater-water-withdrawal/spdes-permit-program/concentrated-animal-feeding-operations
324948.0746,4763131.3675,583,Large,NYA00E135,Will-O-Crest Farm,https://dec.ny.gov/regulatory/permits-licenses/wastewater-stormwater-water-withdrawal/spdes-permit-program/concentrated-animal-feeding-operations
332264.4931,4744733.2996,584,Large,NYA00E136,Heifer Haven Farms,https://dec.ny.gov/regulatory/permits-licenses/wastewater-stormwater-water-withdrawal/spdes-permit-program/concentrated-animal-feeding-operations
299283.994,4671780.4163,585,Large,NYA00E137,Dunlea Dairy Farm,https://dec.ny.gov/regulatory/permits-licenses/wastewater-stormwater-water-withdrawal/spdes-permit-program/concentrated-animal-feeding-operations
276479.5117,4750124.2644,586,Medium,NYA00E138,Anderson Farms Dairy,https://dec.ny.gov/regulatory/permits-licenses/wastewater-stormwater-water-withdrawal/spdes-permit-program/concentrated-animal-feeding-operations
336892.3015,4764915.5991,587,Medium,NYA00E139,Maple Lawn Dairy,https://dec.ny.gov/regulatory/permits-licenses/wastewater-stormwater-water-withdrawal/spdes-permit-program/concentrated-animal-feeding-operations
261031.7147,4766605.4918,588,Large,NYA00E140,Stein Farms,https://dec.ny.gov/regulatory/permits-licenses/wastewater-stormwater-water-withdrawal/spdes-permit-program/concentrated-animal-feeding-operations
276291.9254,4699302.1115,589,Large,NYA00E141,Lismore Dairy,https://dec.ny.gov/regulatory/permits-licenses/wastewater-stormwater-water-withdrawal/spdes-permit-program/concentrated-animal-feeding-operations
257697.1162,4720078.8414,590,Large,NYA00E142,Roll-N-View Farms,https://dec.ny.gov/regulatory/permits-licenses/wastewater-stormwater-water-withdrawal/spdes-permit-program/concentrated-animal-feeding-operations
287663.8144,4691082.0033,591,Large,NYA00E143,Smith's Stock Farm,https://dec.ny.gov/regulatory/permits-licenses/wastewater-stormwater-water-withdrawal/spdes-permit-program/concentrated-animal-feeding-operations
298334.9558,4710580.6674,592,Large,NYA00E144,Lent Hill Dairy Farm,https://dec.ny.gov/regulatory/permits-licenses/wastewater-stormwater-water-withdrawal/spdes-permit-program/concentrated-animal-feeding-operations
270412.9727,4716557.5904,593,Large,NYA00E145,T. Joseph Swyers Farm,https://dec.ny.gov/regulatory/permits-licenses/wastewater-stormwater-water-withdrawal/spdes-permit-program/concentrated-animal-feeding-operations
277743.2634,4754008.2815,594,Medium,NYA00E146,Seldon Stokoe and Sons,https://dec.ny.gov/regulatory/permits-licenses/wastewater-stormwater-water-withdrawal/spdes-permit-program/concentrated-animal-feeding-operations
309487.5488,4759958.0,595,Large,NYA00E147,Finger Lakes Racing Association,https://dec.ny.gov/regulatory/permits-licenses/wastewater-stormwater-water-withdrawal/spdes-permit-program/concentrated-animal-feeding-operations
281471.1363,4694882.2997,596,Large,NYA00E149,Karr Dairy Farms,https://dec.ny.gov/regulatory/permits-licenses/wastewater-stormwater-water-withdrawal/spdes-permit-program/concentrated-animal-feeding-operations
304447.7987,4686136.7339,597,Large,NYA00E150,Wilkins Dairy Farm,https://dec.ny.gov/regulatory/permits-licenses/wastewater-stormwater-water-withdrawal/spdes-permit-program/concentrated-animal-feeding-operations
275979.2914,4654486.827,598,Large,NYA00E151,Whitesville Poultry,https://dec.ny.gov/regulatory/permits-licenses/wastewater-stormwater-water-withdrawal/spdes-permit-program/concentrated-animal-feeding-operations
297804.7593,4712560.597,599,Large,NYA00E152,Gilson Farms,https://dec.ny.gov/regulatory/permits-licenses/wastewater-stormwater-water-withdrawal/spdes-permit-program/concentrated-animal-feeding-operations
272583.2392,4761189.1056,600,Large,NYA00E153,Callan Farms,https://dec.ny.gov/regulatory/permits-licenses/wastewater-stormwater-water-withdrawal/spdes-permit-program/concentrated-animal-feeding-operations
287493.6161,4711368.9913,601,Medium,NYA00E154,Mehlenbacher Farms,https://dec.ny.gov/regulatory/permits-licenses/wastewater-stormwater-water-withdrawal/spdes-permit-program/concentrated-animal-feeding-operations
240816.0629,4673522.9424,602,Medium,NYA00E155,Val Dale Farm,https://dec.ny.gov/regulatory/permits-licenses/wastewater-stormwater-water-withdrawal/spdes-permit-program/concentrated-animal-feeding-operations
257460.1057,4735516.9189,603,Large,NYA00E156,Old Acres Farm,https://dec.ny.gov/regulatory/permits-licenses/wastewater-stormwater-water-withdrawal/spdes-permit-program/concentrated-animal-feeding-operations
253080.1539,4731399.2861,604,Medium,NYA00E160,Halo Farms,https://dec.ny.gov/regulatory/permits-licenses/wastewater-stormwater-water-withdrawal/spdes-permit-program/concentrated-animal-feeding-operations
232124.9924,4695363.4569,605,Medium,NYA00E161,Hillcrest Homestead,https://dec.ny.gov/regulatory/permits-licenses/wastewater-stormwater-water-withdrawal/spdes-permit-program/concentrated-animal-feeding-operations
598630.1721,4502994.9657,606,Medium,NYA00E164,Aqueduct Racetrack,https://dec.ny.gov/regulatory/permits-licenses/wastewater-stormwater-water-withdrawal/spdes-permit-program/concentrated-animal-feeding-operations
616139.8535,4637971.6633,607,Medium,NYA00E165,"Coon Brothers Farm, LLC",https://dec.ny.gov/regulatory/permits-licenses/wastewater-stormwater-water-withdrawal/spdes-permit-program/concentrated-animal-feeding-operations
506848.4998,4623141.3537,608,Large,NYA00E167,"Harold Brey & Sons, Inc.",https://dec.ny.gov/regulatory/permits-licenses/wastewater-stormwater-water-withdrawal/spdes-permit-program/concentrated-animal-feeding-operations
516974.9728,4616044.451,609,Large,NYA00E168,"Hudson Valley Foie Gras, LLC",https://dec.ny.gov/regulatory/permits-licenses/wastewater-stormwater-water-withdrawal/spdes-permit-program/concentrated-animal-feeding-operations
587083.6665,4660763.323,610,Large,NYA00E170,HITS-ON-THE-HUDSON,https://dec.ny.gov/regulatory/permits-licenses/wastewater-stormwater-water-withdrawal/spdes-permit-program/concentrated-animal-feeding-operations
521350.5824,4621505.1235,611,Large,NYA00E171,"La Belle Farm, Inc.",https://dec.ny.gov/regulatory/permits-licenses/wastewater-stormwater-water-withdrawal/spdes-permit-program/concentrated-animal-feeding-operations
595613.0981,4530421.2045,612,Medium,NYA00E172,Yonkers Raceway at Empire City,https://dec.ny.gov/regulatory/permits-licenses/wastewater-stormwater-water-withdrawal/spdes-permit-program/concentrated-animal-feeding-operations
519344.8706,4618001.5921,613,Large,NYA00E173,Bella Poultry Inc.,https://dec.ny.gov/regulatory/permits-licenses/wastewater-stormwater-water-withdrawal/spdes-permit-program/concentrated-animal-feeding-operations
634449.1543,4724562.9491,614,Medium,NYA00E174,"Mapledale Farm Partners, LLC",https://dec.ny.gov/regulatory/permits-licenses/wastewater-stormwater-water-withdrawal/spdes-permit-program/concentrated-animal-feeding-operations
616204.681,4728568.0758,615,Medium,NYA00E175,"Wagner Farm, LLC",https://dec.ny.gov/regulatory/permits-licenses/wastewater-stormwater-water-withdrawal/spdes-permit-program/concentrated-animal-feeding-operations
605095.9706,4692902.3474,616,Large,NYA00E176,Wil-Roc Farms,https://dec.ny.gov/regulatory/permits-licenses/wastewater-stormwater-water-withdrawal/spdes-permit-program/concentrated-animal-feeding-operations
604805.0098,4701337.6634,617,Large,NYA00E177,"Dutch Hollow Farm, LLC",https://dec.ny.gov/regulatory/permits-licenses/wastewater-stormwater-water-withdrawal/spdes-permit-program/concentrated-animal-feeding-operations
611440.8039,4696468.6638,618,Medium,NYA00E178,A. Ooms and Sons,https://dec.ny.gov/regulatory/permits-licenses/wastewater-stormwater-water-withdrawal/spdes-permit-program/concentrated-animal-feeding-operations
619818.7544,4738276.1039,619,Medium,NYA00E179,"Herrington Farms, Inc",https://dec.ny.gov/regulatory/permits-licenses/wastewater-stormwater-water-withdrawal/spdes-permit-program/concentrated-animal-feeding-operations
623196.3873,4666307.4271,620,Medium,NYA00E180,"CTZK Farm 2, LLC",https://dec.ny.gov/regulatory/permits-licenses/wastewater-stormwater-water-withdrawal/spdes-permit-program/concentrated-animal-feeding-operations
584685.7157,4675272.362,621,Large,NYA00E181,"AVIAN VACCINE SERVICES, LLC",https://dec.ny.gov/regulatory/permits-licenses/wastewater-stormwater-water-withdrawal/spdes-permit-program/concentrated-animal-feeding-operations
628952.5299,4774919.0192,622,Medium,NYA00E182,"Battenkill Dairy Farms, LLC",https://dec.ny.gov/regulatory/permits-licenses/wastewater-stormwater-water-withdrawal/spdes-permit-program/concentrated-animal-feeding-operations
632413.8159,4768336.6757,623,Medium,NYA00E183,"Kenyon Hill Farm, LLC",https://dec.ny.gov/regulatory/permits-licenses/wastewater-stormwater-water-withdrawal/spdes-permit-program/concentrated-animal-feeding-operations
246965.9536,4775589.8699,624,Large,NYA00E184,Zuber Farms,https://dec.ny.gov/regulatory/permits-licenses/wastewater-stormwater-water-withdrawal/spdes-permit-program/concentrated-animal-feeding-operations
221858.3782,4760373.0404,625,Large,NYA00E185,Reyncrest Farms,https://dec.ny.gov/regulatory/permits-licenses/wastewater-stormwater-water-withdrawal/spdes-permit-program/concentrated-animal-feeding-operations
250752.9013,4752387.6016,626,Large,NYA00E187,Hildene Farms,https://dec.ny.gov/regulatory/permits-licenses/wastewater-stormwater-water-withdrawal/spdes-permit-program/concentrated-animal-feeding-operations
248345.7693,4766179.7198,627,Large,NYA00E188,Hy Hope Farms,https://dec.ny.gov/regulatory/permits-licenses/wastewater-stormwater-water-withdrawal/spdes-permit-program/concentrated-animal-feeding-operations
239924.0988,4772167.6217,628,Large,NYA00E190,"Torrey Farms Dairy, Inc.",https://dec.ny.gov/regulatory/permits-licenses/wastewater-stormwater-water-withdrawal/spdes-permit-program/concentrated-animal-feeding-operations
252259.5944,4753290.5495,629,Medium,NYA00E191,Cottonwood Farms,https://dec.ny.gov/regulatory/permits-licenses/wastewater-stormwater-water-withdrawal/spdes-permit-program/concentrated-animal-feeding-operations
220881.8382,4805098.8067,630,Large,NYA00E192,Torrey North Inc.,https://dec.ny.gov/regulatory/permits-licenses/wastewater-stormwater-water-withdrawal/spdes-permit-program/concentrated-animal-feeding-operations
235397.0977,4758166.2537,631,Medium,NYA00E193,Valley View Farms,https://dec.ny.gov/regulatory/permits-licenses/wastewater-stormwater-water-withdrawal/spdes-permit-program/concentrated-animal-feeding-operations
246753.9625,4754115.033,632,Large,NYA00E194,Barniak Farms,https://dec.ny.gov/regulatory/permits-licenses/wastewater-stormwater-water-withdrawal/spdes-permit-program/concentrated-animal-feeding-operations
238774.4752,4766843.9762,633,Medium,NYA00E195,Batavia Downs,https://dec.ny.gov/regulatory/permits-licenses/wastewater-stormwater-water-withdrawal/spdes-permit-program/concentrated-animal-feeding-operations
254006.2802,4736629.1816,634,Large,NYA00E196,Emerling Farms,https://dec.ny.gov/regulatory/permits-licenses/wastewater-stormwater-water-withdrawal/spdes-permit-program/concentrated-animal-feeding-operations
225722.4492,4707827.9089,635,Large,NYA00E197,Edelweiss Dairy,https://dec.ny.gov/regulatory/permits-licenses/wastewater-stormwater-water-withdrawal/spdes-permit-program/concentrated-animal-feeding-operations
241107.7935,4734250.4955,636,Large,NYA00E198,Swiss Valley Farms,https://dec.ny.gov/regulatory/permits-licenses/wastewater-stormwater-water-withdrawal/spdes-permit-program/concentrated-animal-feeding-operations
228247.1923,4718142.5832,637,Large,NYA00E199,Dziedzic Farms,https://dec.ny.gov/regulatory/permits-licenses/wastewater-stormwater-water-withdrawal/spdes-permit-program/concentrated-animal-feeding-operations
211873.223,4789808.681,638,Large,NYA00E201,McCollum Farms,https://dec.ny.gov/regulatory/permits-licenses/wastewater-stormwater-water-withdrawal/spdes-permit-program/concentrated-animal-feeding-operations
236718.3205,4737360.3311,639,Large,NYA00E202,Flint's Dairy Farm,https://dec.ny.gov/regulatory/permits-licenses/wastewater-stormwater-water-withdrawal/spdes-permit-program/concentrated-animal-feeding-operations
250896.1248,4746336.2873,640,Large,NYA00E203,Half Full Dairy #4,https://dec.ny.gov/regulatory/permits-licenses/wastewater-stormwater-water-withdrawal/spdes-permit-program/concentrated-animal-feeding-operations
220245.8685,4738628.0746,641,Large,NYA00E204,Breezyhill Dairy,https://dec.ny.gov/regulatory/permits-licenses/wastewater-stormwater-water-withdrawal/spdes-permit-program/concentrated-animal-feeding-operations
251553.2004,4743223.6243,642,Medium,NYA00E205,Bow Hill Farms,https://dec.ny.gov/regulatory/permits-licenses/wastewater-stormwater-water-withdrawal/spdes-permit-program/concentrated-animal-feeding-operations
245253.9568,4745033.7047,643,Large,NYA00E206,Hi-Land Farms,https://dec.ny.gov/regulatory/permits-licenses/wastewater-stormwater-water-withdrawal/spdes-permit-program/concentrated-animal-feeding-operations
233113.969,4745317.1598,644,Medium,NYA00E207,Friendly Acres,https://dec.ny.gov/regulatory/permits-licenses/wastewater-stormwater-water-withdrawal/spdes-permit-program/concentrated-animal-feeding-operations
256393.6207,4747860.8201,645,Medium,NYA00E208,Logwell Acres,https://dec.ny.gov/regulatory/permits-licenses/wastewater-stormwater-water-withdrawal/spdes-permit-program/concentrated-animal-feeding-operations
250419.6776,4732319.9058,646,Medium,NYA00E209,Pingrey Farm 2,https://dec.ny.gov/regulatory/permits-licenses/wastewater-stormwater-water-withdrawal/spdes-permit-program/concentrated-animal-feeding-operations
185695.4964,4800263.8634,647,Large,NYA00E210,Lakeshore Dairy,https://dec.ny.gov/regulatory/permits-licenses/wastewater-stormwater-water-withdrawal/spdes-permit-program/concentrated-animal-feeding-operations
210663.801,4788482.8894,648,Large,NYA00E212,Gasport View Dairy Farms,https://dec.ny.gov/regulatory/permits-licenses/wastewater-stormwater-water-withdrawal/spdes-permit-program/concentrated-animal-feeding-operations
223349.3181,4737237.7362,649,Large,NYA00E213,Perl Farms,https://dec.ny.gov/regulatory/permits-licenses/wastewater-stormwater-water-withdrawal/spdes-permit-program/concentrated-animal-feeding-operations
229879.7964,4738742.3555,650,Large,NYA00E214,Boxler Dairy Farms,https://dec.ny.gov/regulatory/permits-licenses/wastewater-stormwater-water-withdrawal/spdes-permit-program/concentrated-animal-feeding-operations
218925.8776,4733795.2203,651,Medium,NYA00E215,Pingrey Farms,https://dec.ny.gov/regulatory/permits-licenses/wastewater-stormwater-water-withdrawal/spdes-permit-program/concentrated-animal-feeding-operations
253961.5599,4736013.6346,652,Large,NYA00E216,True Farms,https://dec.ny.gov/regulatory/permits-licenses/wastewater-stormwater-water-withdrawal/spdes-permit-program/concentrated-animal-feeding-operations
211085.8333,4789998.2127,653,Large,NYA00E217,Verratti Farms,https://dec.ny.gov/regulatory/permits-licenses/wastewater-stormwater-water-withdrawal/spdes-permit-program/concentrated-animal-feeding-operations
227326.2707,4690843.0686,654,Large,NYA00E218,"Mallards Dairy, LLC",https://dec.ny.gov/regulatory/permits-licenses/wastewater-stormwater-water-withdrawal/spdes-permit-program/concentrated-animal-feeding-operations
230532.5011,4735749.9662,655,Medium,NYA00E219,Luce Dairy Farms,https://dec.ny.gov/regulatory/permits-licenses/wastewater-stormwater-water-withdrawal/spdes-permit-program/concentrated-animal-feeding-operations
217902.0505,4793386.8004,656,Medium,NYA00E221,Dacoda Dairy,https://dec.ny.gov/regulatory/permits-licenses/wastewater-stormwater-water-withdrawal/spdes-permit-program/concentrated-animal-feeding-operations
209326.846,4746487.909,657,Medium,NYA00E223,G.C. Acres,https://dec.ny.gov/regulatory/permits-licenses/wastewater-stormwater-water-withdrawal/spdes-permit-program/concentrated-animal-feeding-operations
219016.0524,4805163.5539,658,Large,NYA00E224,"Chaffee Farms, LLC",https://dec.ny.gov/regulatory/permits-licenses/wastewater-stormwater-water-withdrawal/spdes-permit-program/concentrated-animal-feeding-operations
228933.8614,4730048.7507,659,Medium,NYA00E225,Sregnuoy Farms,https://dec.ny.gov/regulatory/permits-licenses/wastewater-stormwater-water-withdrawal/spdes-permit-program/concentrated-animal-feeding-operations
252639.3577,4740700.7395,660,Large,NYA00E226,Woodvale Farms,https://dec.ny.gov/regulatory/permits-licenses/wastewater-stormwater-water-withdrawal/spdes-permit-program/concentrated-animal-feeding-operations
187689.1034,4738337.7974,661,Medium,NYA00E227,Buffalo Trotting Association,https://dec.ny.gov/regulatory/permits-licenses/wastewater-stormwater-water-withdrawal/spdes-permit-program/concentrated-animal-feeding-operations
217055.9989,4807284.2416,662,Large,NYA00E228,"Atwater Farms, LLC",https://dec.ny.gov/regulatory/permits-licenses/wastewater-stormwater-water-withdrawal/spdes-permit-program/concentrated-animal-feeding-operations
231565.8736,4717637.7658,663,Large,NYA00E229,Bliss Cattle Company,https://dec.ny.gov/regulatory/permits-licenses/wastewater-stormwater-water-withdrawal/spdes-permit-program/concentrated-animal-feeding-operations
246976.4049,4732301.0475,664,Large,NYA00E230,Broughton Diversified Farming,https://dec.ny.gov/regulatory/permits-licenses/wastewater-stormwater-water-withdrawal/spdes-permit-program/concentrated-animal-feeding-operations
227680.0296,4723304.3547,665,Medium,NYA00E231,Maple Ridge Farm,https://dec.ny.gov/regulatory/permits-licenses/wastewater-stormwater-water-withdrawal/spdes-permit-program/concentrated-animal-feeding-operations
245054.6396,4727464.3422,666,Large,NYA00E232,Broughton Farm Operations,https://dec.ny.gov/regulatory/permits-licenses/wastewater-stormwater-water-withdrawal/spdes-permit-program/concentrated-animal-feeding-operations
215702.9887,4716691.9634,667,Medium,NYA00E234,Co-Vista Holsteins,https://dec.ny.gov/regulatory/permits-licenses/wastewater-stormwater-water-withdrawal/spdes-permit-program/concentrated-animal-feeding-operations
248794.7908,4750589.5508,668,Medium,NYA00E235,Harkins Dairy Farm,https://dec.ny.gov/regulatory/permits-licenses/wastewater-stormwater-water-withdrawal/spdes-permit-program/concentrated-animal-feeding-operations
180545.8615,4796743.8905,669,Medium,NYA00E236,Wills Dairy,https://dec.ny.gov/regulatory/permits-licenses/wastewater-stormwater-water-withdrawal/spdes-permit-program/concentrated-animal-feeding-operations
228905.9174,4727242.238,670,Medium,NYA00E237,Conrad Farms,https://dec.ny.gov/regulatory/permits-licenses/wastewater-stormwater-water-withdrawal/spdes-permit-program/concentrated-animal-feeding-operations
325031.2422,4734479.5982,671,Medium,NYA00E238,Oswald Farms,https://dec.ny.gov/regulatory/permits-licenses/wastewater-stormwater-water-withdrawal/spdes-permit-program/concentrated-animal-feeding-operations
326436.4279,4732628.1168,672,Medium,NYA00E239,"Vaughan Farms, LLC",https://dec.ny.gov/regulatory/permits-licenses/wastewater-stormwater-water-withdrawal/spdes-permit-program/concentrated-animal-feeding-operations
153759.5482,4689648.6784,673,Medium,NYA00E241,"Southern Tier Organics, LLC",https://dec.ny.gov/regulatory/permits-licenses/wastewater-stormwater-water-withdrawal/spdes-permit-program/concentrated-animal-feeding-operations
130396.0621,4661978.8019,674,Large,NYA00E242,Odell Farms,https://dec.ny.gov/regulatory/permits-licenses/wastewater-stormwater-water-withdrawal/spdes-permit-program/concentrated-animal-feeding-operations
143547.7198,4662639.8675,675,Large,NYA00E243,"Lindell NY Farms, LLC",https://dec.ny.gov/regulatory/permits-licenses/wastewater-stormwater-water-withdrawal/spdes-permit-program/concentrated-animal-feeding-operations
156174.4666,4696418.4867,676,Medium,NYA00E244,"Mark R. Mansfield, LLC",https://dec.ny.gov/regulatory/permits-licenses/wastewater-stormwater-water-withdrawal/spdes-permit-program/concentrated-animal-feeding-operations
157755.9759,4698674.9491,677,Medium,NYA00E245,"R&D Crowell Farms, LLC",https://dec.ny.gov/regulatory/permits-licenses/wastewater-stormwater-water-withdrawal/spdes-permit-program/concentrated-animal-feeding-operations
173982.8488,4695994.8141,678,Large,NYA00E246,"Colonial Hill Farm, LLC",https://dec.ny.gov/regulatory/permits-licenses/wastewater-stormwater-water-withdrawal/spdes-permit-program/concentrated-animal-feeding-operations
116495.2744,4678203.0537,679,Large,NYA00E247,"Reliance Dairy, LLC",https://dec.ny.gov/regulatory/permits-licenses/wastewater-stormwater-water-withdrawal/spdes-permit-program/concentrated-animal-feeding-operations
163230.0536,4659448.8194,680,Medium,NYA00E248,J-Jigh Acres,https://dec.ny.gov/regulatory/permits-licenses/wastewater-stormwater-water-withdrawal/spdes-permit-program/concentrated-animal-feeding-operations
516484.112,4696037.3918,681,Medium,NYA00E251,"Marick Farms, LLC",https://dec.ny.gov/regulatory/permits-licenses/wastewater-stormwater-water-withdrawal/spdes-permit-program/concentrated-animal-feeding-operations
519995.1004,4696984.5265,682,Medium,NYA00E253,Hager Farms LLC,https://dec.ny.gov/regulatory/permits-licenses/wastewater-stormwater-water-withdrawal/spdes-permit-program/concentrated-animal-feeding-operations
467485.9796,4691328.3056,683,Medium,NYA00E254,Cobar Dairy LLC,https://dec.ny.gov/regulatory/permits-licenses/wastewater-stormwater-water-withdrawal/spdes-permit-program/concentrated-animal-feeding-operations
421413.5868,4733614.7634,684,Large,NYA00E256,Whey Street Dairy,https://dec.ny.gov/regulatory/permits-licenses/wastewater-stormwater-water-withdrawal/spdes-permit-program/concentrated-animal-feeding-operations
408045.8182,4722283.3532,685,Large,NYA00E257,"East River Dairy, LLC",https://dec.ny.gov/regulatory/permits-licenses/wastewater-stormwater-water-withdrawal/spdes-permit-program/concentrated-animal-feeding-operations
448302.6839,4695583.8208,686,Medium,NYA00E258,Marshman Farms,https://dec.ny.gov/regulatory/permits-licenses/wastewater-stormwater-water-withdrawal/spdes-permit-program/concentrated-animal-feeding-operations
390051.7982,4775651.926,687,Medium,NYA00E259,Scholten Dairy,https://dec.ny.gov/regulatory/permits-licenses/wastewater-stormwater-water-withdrawal/spdes-permit-program/concentrated-animal-feeding-operations
421807.4335,4737842.3859,688,Medium,NYA00E260,"Maplehurst Farm, LLC",https://dec.ny.gov/regulatory/permits-licenses/wastewater-stormwater-water-withdrawal/spdes-permit-program/concentrated-animal-feeding-operations
423816.9366,4749021.7784,689,Medium,NYA00E261,Frazee Farms,https://dec.ny.gov/regulatory/permits-licenses/wastewater-stormwater-water-withdrawal/spdes-permit-program/concentrated-animal-feeding-operations
367616.6598,4733868.4016,690,Large,NYA00E263,"Ashland Farm, LLC",https://dec.ny.gov/regulatory/permits-licenses/wastewater-stormwater-water-withdrawal/spdes-permit-program/concentrated-animal-feeding-operations
415224.433,4748480.1017,691,Large,NYA00E264,Smith's Quality Eggs,https://dec.ny.gov/regulatory/permits-licenses/wastewater-stormwater-water-withdrawal/spdes-permit-program/concentrated-animal-feeding-operations
405597.5092,4727459.4118,692,Large,NYA00E266,"New Hope View Farm, LLC",https://dec.ny.gov/regulatory/permits-licenses/wastewater-stormwater-water-withdrawal/spdes-permit-program/concentrated-animal-feeding-operations
387437.4515,4756852.5144,693,Large,NYA00E268,"William E. Richards & Sons, LLC",https://dec.ny.gov/regulatory/permits-licenses/wastewater-stormwater-water-withdrawal/spdes-permit-program/concentrated-animal-feeding-operations
372776.3564,4715829.5392,694,Medium,NYA00E269,"Vision Quest Dairy, LLC",https://dec.ny.gov/regulatory/permits-licenses/wastewater-stormwater-water-withdrawal/spdes-permit-program/concentrated-animal-feeding-operations
381610.2189,4768290.9977,695,Medium,NYA00E270,"Blume Again Dairy, LLC",https://dec.ny.gov/regulatory/permits-licenses/wastewater-stormwater-water-withdrawal/spdes-permit-program/concentrated-animal-feeding-operations
370840.4426,4735943.8343,696,Medium,NYA00E272,"Valley Mound Farms, LLC",https://dec.ny.gov/regulatory/permits-licenses/wastewater-stormwater-water-withdrawal/spdes-permit-program/concentrated-animal-feeding-operations
372604.5197,4737191.0539,697,Medium,NYA00E273,"Hatfield Farms, LLC",https://dec.ny.gov/regulatory/permits-licenses/wastewater-stormwater-water-withdrawal/spdes-permit-program/concentrated-animal-feeding-operations
545046.5051,4727718.8766,698,Medium,NYA00E274,"Eureka Farms, Inc.",https://dec.ny.gov/regulatory/permits-licenses/wastewater-stormwater-water-withdrawal/spdes-permit-program/concentrated-animal-feeding-operations
544272.6821,4735100.6892,699,Medium,NYA00E275,CDS Tillapaugh,https://dec.ny.gov/regulatory/permits-licenses/wastewater-stormwater-water-withdrawal/spdes-permit-program/concentrated-animal-feeding-operations
427413.0999,4741478.8342,700,Medium,NYA00E276,Gatehouse Farms ,https://dec.ny.gov/regulatory/permits-licenses/wastewater-stormwater-water-withdrawal/spdes-permit-program/concentrated-animal-feeding-operations
437628.6148,4765363.0634,701,Medium,NYA00E279,Springwater Farms LLC,https://dec.ny.gov/regulatory/permits-licenses/wastewater-stormwater-water-withdrawal/spdes-permit-program/concentrated-animal-feeding-operations
430216.5686,4745956.808,702,Large,NYA00E280,Holmes-Acre LLC,https://dec.ny.gov/regulatory/permits-licenses/wastewater-stormwater-water-withdrawal/spdes-permit-program/concentrated-animal-feeding-operations
450495.6608,4751024.788,703,Medium,NYA00E281,Cedar Knob Farms LLC,https://dec.ny.gov/regulatory/permits-licenses/wastewater-stormwater-water-withdrawal/spdes-permit-program/concentrated-animal-feeding-operations
453558.0714,4758549.7909,704,Medium,NYA00E282,My-Bar-K Meadows,https://dec.ny.gov/regulatory/permits-licenses/wastewater-stormwater-water-withdrawal/spdes-permit-program/concentrated-animal-feeding-operations
405900.7461,4846395.769,705,Large,NYA00E284,Hillcrest Farms,https://dec.ny.gov/regulatory/permits-licenses/wastewater-stormwater-water-withdrawal/spdes-permit-program/concentrated-animal-feeding-operations
465541.1655,4843731.0338,706,Large,NYA00E285,Marks Farms,https://dec.ny.gov/regulatory/permits-licenses/wastewater-stormwater-water-withdrawal/spdes-permit-program/concentrated-animal-feeding-operations
423172.7743,4859339.2283,707,Large,NYA00E287,Windsong Dairy ,https://dec.ny.gov/regulatory/permits-licenses/wastewater-stormwater-water-withdrawal/spdes-permit-program/concentrated-animal-feeding-operations
443837.143,4859044.9786,708,Large,NYA00E288,Carroll Farms,https://dec.ny.gov/regulatory/permits-licenses/wastewater-stormwater-water-withdrawal/spdes-permit-program/concentrated-animal-feeding-operations
461178.9035,4847833.4799,709,Large,NYA00E289,Murrock Farms II,https://dec.ny.gov/regulatory/permits-licenses/wastewater-stormwater-water-withdrawal/spdes-permit-program/concentrated-animal-feeding-operations
432180.3917,4886837.1389,710,Medium,NYA00E291,Carsada Dairy II,https://dec.ny.gov/regulatory/permits-licenses/wastewater-stormwater-water-withdrawal/spdes-permit-program/concentrated-animal-feeding-operations
411437.7366,4857791.7734,711,Medium,NYA00E292,Hy-Light Farms,https://dec.ny.gov/regulatory/permits-licenses/wastewater-stormwater-water-withdrawal/spdes-permit-program/concentrated-animal-feeding-operations
469684.1635,4870151.6299,712,Large,NYA00E293,Pominville Dairy,https://dec.ny.gov/regulatory/permits-licenses/wastewater-stormwater-water-withdrawal/spdes-permit-program/concentrated-animal-feeding-operations
468168.0727,4830722.5445,713,Medium,NYA00E294,Conway Dairy Farm,https://dec.ny.gov/regulatory/permits-licenses/wastewater-stormwater-water-withdrawal/spdes-permit-program/concentrated-animal-feeding-operations
368758.9679,4742833.6547,714,Large,NYA00E295,Scipio Springs Dairy,https://dec.ny.gov/regulatory/permits-licenses/wastewater-stormwater-water-withdrawal/spdes-permit-program/concentrated-animal-feeding-operations
488075.7245,4946289.621,715,Large,NYA00E296,Greenwood Dairy Farm,https://dec.ny.gov/regulatory/permits-licenses/wastewater-stormwater-water-withdrawal/spdes-permit-program/concentrated-animal-feeding-operations
523233.0181,4948527.4153,716,Large,NYA00E297,"NORCO FARMS, LLC",https://dec.ny.gov/regulatory/permits-licenses/wastewater-stormwater-water-withdrawal/spdes-permit-program/concentrated-animal-feeding-operations
408762.6679,4839018.5339,717,Large,NYA00E298,"LOCUST HILL DAIRY, LLC",https://dec.ny.gov/regulatory/permits-licenses/wastewater-stormwater-water-withdrawal/spdes-permit-program/concentrated-animal-feeding-operations
482533.0351,4953406.6452,718,Medium,NYA00E299,C&M DAIRY LLC,https://dec.ny.gov/regulatory/permits-licenses/wastewater-stormwater-water-withdrawal/spdes-permit-program/concentrated-animal-feeding-operations
484163.3388,4944699.7224,719,Large,NYA00E300,LT Smith & Sons,https://dec.ny.gov/regulatory/permits-licenses/wastewater-stormwater-water-withdrawal/spdes-permit-program/concentrated-animal-feeding-operations
527371.0347,4956962.6923,720,Large,NYA00E301,Stauffer Farms ,https://dec.ny.gov/regulatory/permits-licenses/wastewater-stormwater-water-withdrawal/spdes-permit-program/concentrated-animal-feeding-operations
524706.3701,4757678.8413,721,Large,NYA00E302,"Veit Farms, LLC",https://dec.ny.gov/regulatory/permits-licenses/wastewater-stormwater-water-withdrawal/spdes-permit-program/concentrated-animal-feeding-operations
640841.577,4784877.2594,722,Large,NYA00E304,Chambers Valley Farm,https://dec.ny.gov/regulatory/permits-licenses/wastewater-stormwater-water-withdrawal/spdes-permit-program/concentrated-animal-feeding-operations
617028.2019,4763779.3191,723,Large,NYA00E305,"KA Sunset View Farm, LLC",https://dec.ny.gov/regulatory/permits-licenses/wastewater-stormwater-water-withdrawal/spdes-permit-program/concentrated-animal-feeding-operations
411740.4063,4767543.3914,724,Large,NYA00E306,"Hudson Egg Farms, LLC",https://dec.ny.gov/regulatory/permits-licenses/wastewater-stormwater-water-withdrawal/spdes-permit-program/concentrated-animal-feeding-operations
395695.7075,4716552.0558,725,Medium,NYA00E307,"Fouts Farm, LLC",https://dec.ny.gov/regulatory/permits-licenses/wastewater-stormwater-water-withdrawal/spdes-permit-program/concentrated-animal-feeding-operations
381669.0578,4746605.6307,726,Large,NYA00E308,"Twin Birch Dairy, LLC",https://dec.ny.gov/regulatory/permits-licenses/wastewater-stormwater-water-withdrawal/spdes-permit-program/concentrated-animal-feeding-operations
389006.9994,4754533.7082,727,Large,NYA00E309,"Elmer Richards and Sons, LLC",https://dec.ny.gov/regulatory/permits-licenses/wastewater-stormwater-water-withdrawal/spdes-permit-program/concentrated-animal-feeding-operations
366067.5615,4777588.1712,728,Large,NYA00E310,"Conquest Cattle Feeders, LLC",https://dec.ny.gov/regulatory/permits-licenses/wastewater-stormwater-water-withdrawal/spdes-permit-program/concentrated-animal-feeding-operations
390988.2611,4709677.8908,729,Large,NYA00E311,"Beck Farms, LLC",https://dec.ny.gov/regulatory/permits-licenses/wastewater-stormwater-water-withdrawal/spdes-permit-program/concentrated-animal-feeding-operations
390356.0467,4750309.5692,730,Medium,NYA00E313,Leubner Dairy LLC,https://dec.ny.gov/regulatory/permits-licenses/wastewater-stormwater-water-withdrawal/spdes-permit-program/concentrated-animal-feeding-operations
398660.9597,4751448.0244,731,Large,NYA00E314,Volles Dairy,https://dec.ny.gov/regulatory/permits-licenses/wastewater-stormwater-water-withdrawal/spdes-permit-program/concentrated-animal-feeding-operations
321901.8188,4749594.8674,732,Medium,NYA00E315,Hilton Dairy,https://dec.ny.gov/regulatory/permits-licenses/wastewater-stormwater-water-withdrawal/spdes-permit-program/concentrated-animal-feeding-operations
359818.0899,4777670.6011,733,Large,NYA00E316,Rutt Farms,https://dec.ny.gov/regulatory/permits-licenses/wastewater-stormwater-water-withdrawal/spdes-permit-program/concentrated-animal-feeding-operations
329308.8627,4743613.0842,734,Large,NYA00E317,Ivy Lakes Dairy,https://dec.ny.gov/regulatory/permits-licenses/wastewater-stormwater-water-withdrawal/spdes-permit-program/concentrated-animal-feeding-operations
325712.7606,4743304.6878,735,Large,NYA00E318,"Lawnhurst Farms, LLC",https://dec.ny.gov/regulatory/permits-licenses/wastewater-stormwater-water-withdrawal/spdes-permit-program/concentrated-animal-feeding-operations
280307.4489,4653831.746,736,Large,NYA00E319,ROLA Farms,https://dec.ny.gov/regulatory/permits-licenses/wastewater-stormwater-water-withdrawal/spdes-permit-program/concentrated-animal-feeding-operations
354292.5177,4790026.0981,737,Large,NYA00E320,"Wayne County Eggs, LLC",https://dec.ny.gov/regulatory/permits-licenses/wastewater-stormwater-water-withdrawal/spdes-permit-program/concentrated-animal-feeding-operations
283127.2204,4696673.1293,738,Medium,NYA00E321,Hendee Homestead Farm,https://dec.ny.gov/regulatory/permits-licenses/wastewater-stormwater-water-withdrawal/spdes-permit-program/concentrated-animal-feeding-operations
346235.8008,4743112.4391,739,Large,NYA00E322,Millbrook Farm,https://dec.ny.gov/regulatory/permits-licenses/wastewater-stormwater-water-withdrawal/spdes-permit-program/concentrated-animal-feeding-operations
349284.6854,4739367.374,740,Medium,NYA00E323,Lamar Martin,https://dec.ny.gov/regulatory/permits-licenses/wastewater-stormwater-water-withdrawal/spdes-permit-program/concentrated-animal-feeding-operations
287998.7275,4694787.541,741,Medium,NYA00E324,Burns Family Farm,https://dec.ny.gov/regulatory/permits-licenses/wastewater-stormwater-water-withdrawal/spdes-permit-program/concentrated-animal-feeding-operations
350117.4823,4741052.405,742,Medium,NYA00E325,Larry Martin,https://dec.ny.gov/regulatory/permits-licenses/wastewater-stormwater-water-withdrawal/spdes-permit-program/concentrated-animal-feeding-operations
274835.347,4654101.3539,743,Large,NYA00E326,Stony Brook Farm,https://dec.ny.gov/regulatory/permits-licenses/wastewater-stormwater-water-withdrawal/spdes-permit-program/concentrated-animal-feeding-operations
341843.8999,4775867.1227,744,Large,NYA00E327,Stillwater Dairy,https://dec.ny.gov/regulatory/permits-licenses/wastewater-stormwater-water-withdrawal/spdes-permit-program/concentrated-animal-feeding-operations
360725.1006,4782174.978,745,Medium,NYA00E328,Daryl Hurst,https://dec.ny.gov/regulatory/permits-licenses/wastewater-stormwater-water-withdrawal/spdes-permit-program/concentrated-animal-feeding-operations
348324.015,4782486.4349,746,Medium,NYA00E330,Ryan Zimmerman,https://dec.ny.gov/regulatory/permits-licenses/wastewater-stormwater-water-withdrawal/spdes-permit-program/concentrated-animal-feeding-operations
551714.9991,4752893.2588,747,Medium,NYA00E331,"Glenvue Farms, LLC",https://dec.ny.gov/regulatory/permits-licenses/wastewater-stormwater-water-withdrawal/spdes-permit-program/concentrated-animal-feeding-operations
607712.3603,4651188.6637,748,Medium,NYA00E332,"Lo-Nan Farms, LLC",https://dec.ny.gov/regulatory/permits-licenses/wastewater-stormwater-water-withdrawal/spdes-permit-program/concentrated-animal-feeding-operations
545911.4479,4755149.8296,749,Large,NYA00E333,MMT Cattle Incorporated,https://dec.ny.gov/regulatory/permits-licenses/wastewater-stormwater-water-withdrawal/spdes-permit-program/concentrated-animal-feeding-operations
516960.062,4758281.6766,750,Large,NYA00E334,Danube Dairies,https://dec.ny.gov/regulatory/permits-licenses/wastewater-stormwater-water-withdrawal/spdes-permit-program/concentrated-animal-feeding-operations
419666.4811,4745422.0836,751,Large,NYA00E335,"Eastview Farms, LLC",https://dec.ny.gov/regulatory/permits-licenses/wastewater-stormwater-water-withdrawal/spdes-permit-program/concentrated-animal-feeding-operations
414716.4814,4741415.4351,752,Large,NYA00E336,"Venture Farms, LLC",https://dec.ny.gov/regulatory/permits-licenses/wastewater-stormwater-water-withdrawal/spdes-permit-program/concentrated-animal-feeding-operations
376688.2285,4771589.8703,753,Large,NYA00E337,"Ka-Vern Farms, LLC",https://dec.ny.gov/regulatory/permits-licenses/wastewater-stormwater-water-withdrawal/spdes-permit-program/concentrated-animal-feeding-operations
418719.3613,4744147.7465,754,Large,NYA00E338,"Fabius Greenwood Farms, LLC",https://dec.ny.gov/regulatory/permits-licenses/wastewater-stormwater-water-withdrawal/spdes-permit-program/concentrated-animal-feeding-operations
426317.8565,4707681.5871,755,Large,NYA00E340,"Riverside Dairy, LLC",https://dec.ny.gov/regulatory/permits-licenses/wastewater-stormwater-water-withdrawal/spdes-permit-program/concentrated-animal-feeding-operations
264309.0499,4750540.1903,756,Large,NYA00E341,"Donnan Farms, Inc.",https://dec.ny.gov/regulatory/permits-licenses/wastewater-stormwater-water-withdrawal/spdes-permit-program/concentrated-animal-feeding-operations
275440.6404,4730460.3439,757,Large,NYA00E342,La Casa de Leche,https://dec.ny.gov/regulatory/permits-licenses/wastewater-stormwater-water-withdrawal/spdes-permit-program/concentrated-animal-feeding-operations
316107.232,4668730.0634,758,Large,NYA00E343,Crookercrest Dairy,https://dec.ny.gov/regulatory/permits-licenses/wastewater-stormwater-water-withdrawal/spdes-permit-program/concentrated-animal-feeding-operations
275561.1756,4722358.0697,759,Medium,NYA00E344,"Graceland Dairies, LLC",https://dec.ny.gov/regulatory/permits-licenses/wastewater-stormwater-water-withdrawal/spdes-permit-program/concentrated-animal-feeding-operations
274282.3637,4753077.7599,760,Large,NYA00E345,"Kyle Farms, LLC",https://dec.ny.gov/regulatory/permits-licenses/wastewater-stormwater-water-withdrawal/spdes-permit-program/concentrated-animal-feeding-operations
252590.7594,4725921.4463,761,Large,NYA00E346,Southview Diary,https://dec.ny.gov/regulatory/permits-licenses/wastewater-stormwater-water-withdrawal/spdes-permit-program/concentrated-animal-feeding-operations
212386.8161,4786688.8429,762,Medium,NYA00E347,"J J Smith Farms, LLC.",https://dec.ny.gov/regulatory/permits-licenses/wastewater-stormwater-water-withdrawal/spdes-permit-program/concentrated-animal-feeding-operations
246590.3855,4737132.5299,763,Large,NYA00E348,"East Hill Farms, LLC",https://dec.ny.gov/regulatory/permits-licenses/wastewater-stormwater-water-withdrawal/spdes-permit-program/concentrated-animal-feeding-operations
406451.3313,4671514.3533,764,Large,NYA00E349,"Farview Farms, LLC",https://dec.ny.gov/regulatory/permits-licenses/wastewater-stormwater-water-withdrawal/spdes-permit-program/concentrated-animal-feeding-operations
245688.118,4778332.9741,765,Large,NYA00E350,CY Heifer Farm,https://dec.ny.gov/regulatory/permits-licenses/wastewater-stormwater-water-withdrawal/spdes-permit-program/concentrated-animal-feeding-operations
280610.2327,4753838.3004,766,Large,NYA00E351,"Coyne Farms, Inc.",https://dec.ny.gov/regulatory/permits-licenses/wastewater-stormwater-water-withdrawal/spdes-permit-program/concentrated-animal-feeding-operations
279142.8184,4756893.3029,767,Large,NYA00E352,"Mulligan Family Farm, LLC",https://dec.ny.gov/regulatory/permits-licenses/wastewater-stormwater-water-withdrawal/spdes-permit-program/concentrated-animal-feeding-operations
239761.6538,4769353.5448,768,Large,NYA00E353,"Offhaus Farms, Inc.",https://dec.ny.gov/regulatory/permits-licenses/wastewater-stormwater-water-withdrawal/spdes-permit-program/concentrated-animal-feeding-operations
287918.6282,4719353.5073,769,Large,NYA00E354,Walker Farm,https://dec.ny.gov/regulatory/permits-licenses/wastewater-stormwater-water-withdrawal/spdes-permit-program/concentrated-animal-feeding-operations
241691.0368,4778066.9929,770,Large,NYA00E355,"Oak Orchard Dairy, LLC",https://dec.ny.gov/regulatory/permits-licenses/wastewater-stormwater-water-withdrawal/spdes-permit-program/concentrated-animal-feeding-operations
208402.5282,4765937.3726,771,Large,NYA00E357,"Kreher's Farm Fresh Eggs, LLC",https://dec.ny.gov/regulatory/permits-licenses/wastewater-stormwater-water-withdrawal/spdes-permit-program/concentrated-animal-feeding-operations
208754.684,4722978.1355,772,Large,NYA00E358,"Palmer Dairy Farms, LLC",https://dec.ny.gov/regulatory/permits-licenses/wastewater-stormwater-water-withdrawal/spdes-permit-program/concentrated-animal-feeding-operations
230981.8115,4723576.0241,773,Large,NYA00E359,Southview Dairy LLC - Maxwell Facility,https://dec.ny.gov/regulatory/permits-licenses/wastewater-stormwater-water-withdrawal/spdes-permit-program/concentrated-animal-feeding-operations
181955.9143,4733207.8527,774,Large,NYA00E360,"Preischel Farms, Inc.",https://dec.ny.gov/regulatory/permits-licenses/wastewater-stormwater-water-withdrawal/spdes-permit-program/concentrated-animal-feeding-operations
133858.4649,4686623.036,775,Large,NYA00E361,"Country Ayre Farms, LLC",https://dec.ny.gov/regulatory/permits-licenses/wastewater-stormwater-water-withdrawal/spdes-permit-program/concentrated-animal-feeding-operations
185402.7968,4730985.0089,776,Large,NYA00E363,"Eden Valley Dairy, LLC",https://dec.ny.gov/regulatory/permits-licenses/wastewater-stormwater-water-withdrawal/spdes-permit-program/concentrated-animal-feeding-operations
217967.84,4704329.4604,777,Large,NYA00E364,"Schwab Dairy Farm, LLC",https://dec.ny.gov/regulatory/permits-licenses/wastewater-stormwater-water-withdrawal/spdes-permit-program/concentrated-animal-feeding-operations
216051.8383,4704073.4781,778,Large,NYA00E365,"C J Dairy Farms, Inc.",https://dec.ny.gov/regulatory/permits-licenses/wastewater-stormwater-water-withdrawal/spdes-permit-program/concentrated-animal-feeding-operations
174187.3706,4677949.3926,779,Large,NYA00E366,"R & D Adams Dairy Farms, LLC",https://dec.ny.gov/regulatory/permits-licenses/wastewater-stormwater-water-withdrawal/spdes-permit-program/concentrated-animal-feeding-operations
115109.7278,4661903.1228,780,Large,NYA00E367,"Ridgeline Farm, LLC",https://dec.ny.gov/regulatory/permits-licenses/wastewater-stormwater-water-withdrawal/spdes-permit-program/concentrated-animal-feeding-operations
220769.2146,4705640.5362,781,Large,NYA00E368,"Bliss Dairy Company, Inc.",https://dec.ny.gov/regulatory/permits-licenses/wastewater-stormwater-water-withdrawal/spdes-permit-program/concentrated-animal-feeding-operations
163137.1144,4694914.3187,782,Large,NYA00E369,"Nobles Farms BD, LLC",https://dec.ny.gov/regulatory/permits-licenses/wastewater-stormwater-water-withdrawal/spdes-permit-program/concentrated-animal-feeding-operations
174603.1598,4723436.0986,783,Large,NYA00E370,"Phillips Family Farm, Inc.",https://dec.ny.gov/regulatory/permits-licenses/wastewater-stormwater-water-withdrawal/spdes-permit-program/concentrated-animal-feeding-operations
166404.9094,4687845.413,784,Medium,NYA00E371,Pimm's View Farm,https://dec.ny.gov/regulatory/permits-licenses/wastewater-stormwater-water-withdrawal/spdes-permit-program/concentrated-animal-feeding-operations
504174.2744,4713118.1589,785,Medium,NYA00E372,Hemlock Valley Farm,https://dec.ny.gov/regulatory/permits-licenses/wastewater-stormwater-water-withdrawal/spdes-permit-program/concentrated-animal-feeding-operations
467690.1686,4702736.8693,786,Large,NYA00E373,Southtown Dairy,https://dec.ny.gov/regulatory/permits-licenses/wastewater-stormwater-water-withdrawal/spdes-permit-program/concentrated-animal-feeding-operations
451003.9895,4666111.8727,787,Large,NYA00E374,Winsor Acres,https://dec.ny.gov/regulatory/permits-licenses/wastewater-stormwater-water-withdrawal/spdes-permit-program/concentrated-animal-feeding-operations
250594.3654,4724316.8394,788,Large,NYA00E376,"Southview Dairy, LLC - Table Rock Facility",https://dec.ny.gov/regulatory/permits-licenses/wastewater-stormwater-water-withdrawal/spdes-permit-program/concentrated-animal-feeding-operations
256281.1128,4731852.8073,789,Large,NYA00E377,Highbanks Dairy,https://dec.ny.gov/regulatory/permits-licenses/wastewater-stormwater-water-withdrawal/spdes-permit-program/concentrated-animal-feeding-operations
250177.2515,4722786.2939,790,Large,NYA00E378,Pankow Farms,https://dec.ny.gov/regulatory/permits-licenses/wastewater-stormwater-water-withdrawal/spdes-permit-program/concentrated-animal-feeding-operations
257468.6579,4746002.1346,791,Large,NYA00E379,Armson Farms,https://dec.ny.gov/regulatory/permits-licenses/wastewater-stormwater-water-withdrawal/spdes-permit-program/concentrated-animal-feeding-operations
254537.9944,4729810.5621,792,Large,NYA00E380,Gardeau Crest Farms,https://dec.ny.gov/regulatory/permits-licenses/wastewater-stormwater-water-withdrawal/spdes-permit-program/concentrated-animal-feeding-operations
260783.6355,4690857.2393,793,Large,NYA00E382,Bainbridge Farm,https://dec.ny.gov/regulatory/permits-licenses/wastewater-stormwater-water-withdrawal/spdes-permit-program/concentrated-animal-feeding-operations
257128.2037,4653982.5433,794,Large,NYA00E383,Mayline Farms,https://dec.ny.gov/regulatory/permits-licenses/wastewater-stormwater-water-withdrawal/spdes-permit-program/concentrated-animal-feeding-operations
551803.5062,4750709.9155,795,Large,NYA00E384,R & R Farms LLC /Dykeman & Sons Inc.,https://dec.ny.gov/regulatory/permits-licenses/wastewater-stormwater-water-withdrawal/spdes-permit-program/concentrated-animal-feeding-operations
542030.6227,4744644.2248,796,Large,NYA00E385,"Milk Train, Inc.",https://dec.ny.gov/regulatory/permits-licenses/wastewater-stormwater-water-withdrawal/spdes-permit-program/concentrated-animal-feeding-operations
564733.968,4747310.4204,797,Medium,NYA00E386,"Creek Acres Farm, LLC",https://dec.ny.gov/regulatory/permits-licenses/wastewater-stormwater-water-withdrawal/spdes-permit-program/concentrated-animal-feeding-operations
566899.9986,4748735.2489,798,Medium,NYA00E387,"Envision Dairy, LLC",https://dec.ny.gov/regulatory/permits-licenses/wastewater-stormwater-water-withdrawal/spdes-permit-program/concentrated-animal-feeding-operations
519663.8325,4749167.1935,799,Medium,NYA00E389,"Sprague Farm, LLC",https://dec.ny.gov/regulatory/permits-licenses/wastewater-stormwater-water-withdrawal/spdes-permit-program/concentrated-animal-feeding-operations
404906.6013,4893336.8894,800,Large,NYA00E390,"Wood Farms, LLC",https://dec.ny.gov/regulatory/permits-licenses/wastewater-stormwater-water-withdrawal/spdes-permit-program/concentrated-animal-feeding-operations
488133.6215,4758418.96,801,Large,NYA00E391,Entwistle Bros. Farm,https://dec.ny.gov/regulatory/permits-licenses/wastewater-stormwater-water-withdrawal/spdes-permit-program/concentrated-animal-feeding-operations
474873.7826,4953955.0563,802,Medium,NYA00E392,"Flack Farms, LLC",https://dec.ny.gov/regulatory/permits-licenses/wastewater-stormwater-water-withdrawal/spdes-permit-program/concentrated-animal-feeding-operations
457033.2542,4768349.4044,803,Medium,NYA00E393,"AMERICAN RACING - VERNON DOWNS, INC. ",https://dec.ny.gov/regulatory/permits-licenses/wastewater-stormwater-water-withdrawal/spdes-permit-program/concentrated-animal-feeding-operations
382682.8103,4764219.4946,804,Large,NYA00E395,"Half Full Dairy, LLC",https://dec.ny.gov/regulatory/permits-licenses/wastewater-stormwater-water-withdrawal/spdes-permit-program/concentrated-animal-feeding-operations
383012.9622,4653398.8175,805,Medium,NYA00E397,"Tioga Downs Racetrack, LLC",https://dec.ny.gov/regulatory/permits-licenses/wastewater-stormwater-water-withdrawal/spdes-permit-program/concentrated-animal-feeding-operations
323790.68,4744949.8897,806,Large,NYA00E398,"Lightland Farms, LLC",https://dec.ny.gov/regulatory/permits-licenses/wastewater-stormwater-water-withdrawal/spdes-permit-program/concentrated-animal-feeding-operations
236717.4744,4790158.1574,807,Medium,NYA00E399,Orleans Poverty Hill Farm,https://dec.ny.gov/regulatory/permits-licenses/wastewater-stormwater-water-withdrawal/spdes-permit-program/concentrated-animal-feeding-operations
259761.5922,4748170.1947,808,Large,NYA00E400,"Ernest Gates & Sons, LLC",https://dec.ny.gov/regulatory/permits-licenses/wastewater-stormwater-water-withdrawal/spdes-permit-program/concentrated-animal-feeding-operations
244279.664,4756651.4386,809,Large,NYA00E401,Lor-Rob Dairy Farm,https://dec.ny.gov/regulatory/permits-licenses/wastewater-stormwater-water-withdrawal/spdes-permit-program/concentrated-animal-feeding-operations
331242.416,4746781.4047,810,Large,NYA00E402,"J. Minns Farms, LLC",https://dec.ny.gov/regulatory/permits-licenses/wastewater-stormwater-water-withdrawal/spdes-permit-program/concentrated-animal-feeding-operations
314282.5586,4755590.302,811,Large,NYA00E404,"Purdy Family Farm, LLC",https://dec.ny.gov/regulatory/permits-licenses/wastewater-stormwater-water-withdrawal/spdes-permit-program/concentrated-animal-feeding-operations
346528.0942,4748768.4296,812,Medium,NYA00E405,Rose View Dairy,https://dec.ny.gov/regulatory/permits-licenses/wastewater-stormwater-water-withdrawal/spdes-permit-program/concentrated-animal-feeding-operations
253506.5455,4728204.2112,813,Large,NYA00E406,"Schreiberdale Holsteins, LLC",https://dec.ny.gov/regulatory/permits-licenses/wastewater-stormwater-water-withdrawal/spdes-permit-program/concentrated-animal-feeding-operations
619246.3091,4982641.0073,814,Large,NYA00E408,"Hidden View Farms, LLC",https://dec.ny.gov/regulatory/permits-licenses/wastewater-stormwater-water-withdrawal/spdes-permit-program/concentrated-animal-feeding-operations
411208.633,4687462.3834,815,Large,NYA00E410,"Glezen Farm, LLC",https://dec.ny.gov/regulatory/permits-licenses/wastewater-stormwater-water-withdrawal/spdes-permit-program/concentrated-animal-feeding-operations
367217.4989,4738699.5409,816,Medium,NYA00E411,"Syndey Peters & Sons Farms, LLC",https://dec.ny.gov/regulatory/permits-licenses/wastewater-stormwater-water-withdrawal/spdes-permit-program/concentrated-animal-feeding-operations
397494.9606,4699205.7111,817,Large,NYA00E412,Cornell University Ruminant Center,https://dec.ny.gov/regulatory/permits-licenses/wastewater-stormwater-water-withdrawal/spdes-permit-program/concentrated-animal-feeding-operations
396076.1548,4754603.8145,818,Large,NYA00E413,"Hourigan Family Dairy, LLC",https://dec.ny.gov/regulatory/permits-licenses/wastewater-stormwater-water-withdrawal/spdes-permit-program/concentrated-animal-feeding-operations
417823.0604,4685139.1064,819,Medium,NYA00E414,"Whittaker Farm, LLC",https://dec.ny.gov/regulatory/permits-licenses/wastewater-stormwater-water-withdrawal/spdes-permit-program/concentrated-animal-feeding-operations
453218.8306,4743238.4283,820,Large,NYA00E415,"White Eagle Dairy, LLC",https://dec.ny.gov/regulatory/permits-licenses/wastewater-stormwater-water-withdrawal/spdes-permit-program/concentrated-animal-feeding-operations
391043.7853,4713234.1194,821,Large,NYA00E416,"Millbrook Farm, LLC",https://dec.ny.gov/regulatory/permits-licenses/wastewater-stormwater-water-withdrawal/spdes-permit-program/concentrated-animal-feeding-operations
375359.09,4731476.7072,822,Large,NYA00E417,Roach Farm,https://dec.ny.gov/regulatory/permits-licenses/wastewater-stormwater-water-withdrawal/spdes-permit-program/concentrated-animal-feeding-operations
378074.4794,4727665.9815,823,Large,NYA00E418,"Pine Hollow Dairy, LLC",https://dec.ny.gov/regulatory/permits-licenses/wastewater-stormwater-water-withdrawal/spdes-permit-program/concentrated-animal-feeding-operations
368656.8958,4749545.3959,824,Large,NYA00E419,"Lincoln Dairy, LLC",https://dec.ny.gov/regulatory/permits-licenses/wastewater-stormwater-water-withdrawal/spdes-permit-program/concentrated-animal-feeding-operations
372869.6454,4727587.1403,825,Large,NYA00E420,"Ridgecrest Dairy, LLC",https://dec.ny.gov/regulatory/permits-licenses/wastewater-stormwater-water-withdrawal/spdes-permit-program/concentrated-animal-feeding-operations
466892.9774,4689270.9406,826,Large,NYA00E421,"Hanehan Family Dairy, LLC",https://dec.ny.gov/regulatory/permits-licenses/wastewater-stormwater-water-withdrawal/spdes-permit-program/concentrated-animal-feeding-operations
380346.8091,4760345.0324,827,Large,NYA00E422,Peters Dairy Farm Inc.,https://dec.ny.gov/regulatory/permits-licenses/wastewater-stormwater-water-withdrawal/spdes-permit-program/concentrated-animal-feeding-operations
420951.5408,4755479.9849,828,Medium,NYA00E423,"Pastureland Dairy, LLC",https://dec.ny.gov/regulatory/permits-licenses/wastewater-stormwater-water-withdrawal/spdes-permit-program/concentrated-animal-feeding-operations
429616.4479,4870968.6895,829,Medium,NYA00E424,Murrock Farms,https://dec.ny.gov/regulatory/permits-licenses/wastewater-stormwater-water-withdrawal/spdes-permit-program/concentrated-animal-feeding-operations
465212.4332,4852207.2094,830,Medium,NYA00E425,Butler Creek Dairy Farm,https://dec.ny.gov/regulatory/permits-licenses/wastewater-stormwater-water-withdrawal/spdes-permit-program/concentrated-animal-feeding-operations
456720.3116,4855070.4363,831,Medium,NYA00E426,Hanno Farms,https://dec.ny.gov/regulatory/permits-licenses/wastewater-stormwater-water-withdrawal/spdes-permit-program/concentrated-animal-feeding-operations
423816.6545,4859336.3952,832,Large,NYA00E428,Porterdale Farms,https://dec.ny.gov/regulatory/permits-licenses/wastewater-stormwater-water-withdrawal/spdes-permit-program/concentrated-animal-feeding-operations
406353.3768,4843283.2967,833,Large,NYA00E429,CTS Dairy,https://dec.ny.gov/regulatory/permits-licenses/wastewater-stormwater-water-withdrawal/spdes-permit-program/concentrated-animal-feeding-operations
410332.17,4853743.3423,834,Large,NYA00E430,Butterville Farms,https://dec.ny.gov/regulatory/permits-licenses/wastewater-stormwater-water-withdrawal/spdes-permit-program/concentrated-animal-feeding-operations
404484.4578,4849475.0245,835,Large,NYA00E431,Birch Creek Farm,https://dec.ny.gov/regulatory/permits-licenses/wastewater-stormwater-water-withdrawal/spdes-permit-program/concentrated-animal-feeding-operations
406235.0818,4844707.5178,836,Medium,NYA00E433,Eastman Dairy Farm,https://dec.ny.gov/regulatory/permits-licenses/wastewater-stormwater-water-withdrawal/spdes-permit-program/concentrated-animal-feeding-operations
478869.5657,4763315.5879,837,Large,NYA00E434,Collins Knoll Farm,https://dec.ny.gov/regulatory/permits-licenses/wastewater-stormwater-water-withdrawal/spdes-permit-program/concentrated-animal-feeding-operations
480588.1232,4752187.1207,838,Large,NYA00E435,Bridgewater Farms,https://dec.ny.gov/regulatory/permits-licenses/wastewater-stormwater-water-withdrawal/spdes-permit-program/concentrated-animal-feeding-operations
448876.2551,4781081.5397,839,Large,NYA00E436,Brabant Farm,https://dec.ny.gov/regulatory/permits-licenses/wastewater-stormwater-water-withdrawal/spdes-permit-program/concentrated-animal-feeding-operations
480478.6469,4794445.9409,840,Large,NYA00E437,Finndale Farms,https://dec.ny.gov/regulatory/permits-licenses/wastewater-stormwater-water-withdrawal/spdes-permit-program/concentrated-animal-feeding-operations
464740.6483,4764283.2137,841,Large,NYA00E438,Champion Farms LLC,https://dec.ny.gov/regulatory/permits-licenses/wastewater-stormwater-water-withdrawal/spdes-permit-program/concentrated-animal-feeding-operations
264110.3519,4728215.9606,842,Large,NYA00E439,Mt. Morris Dairy Farms,https://dec.ny.gov/regulatory/permits-licenses/wastewater-stormwater-water-withdrawal/spdes-permit-program/concentrated-animal-feeding-operations
356344.6135,4699045.8324,843,Large,NYA00E440,Bergen Farms LLC,https://dec.ny.gov/regulatory/permits-licenses/wastewater-stormwater-water-withdrawal/spdes-permit-program/concentrated-animal-feeding-operations
328816.087,4751484.744,844,Large,NYA00E441,Hemdale Farms,https://dec.ny.gov/regulatory/permits-licenses/wastewater-stormwater-water-withdrawal/spdes-permit-program/concentrated-animal-feeding-operations
230603.8163,4721526.6722,845,Medium,NYA00E442,Davis Valley Farm,https://dec.ny.gov/regulatory/permits-licenses/wastewater-stormwater-water-withdrawal/spdes-permit-program/concentrated-animal-feeding-operations
619041.752,4752545.6214,846,Large,NYA00E443,"Copses Farm, LLC",https://dec.ny.gov/regulatory/permits-licenses/wastewater-stormwater-water-withdrawal/spdes-permit-program/concentrated-animal-feeding-operations
275042.0485,4733338.8631,847,Large,NYA00E444,"Dairy-Knoll Farms, LLC",https://dec.ny.gov/regulatory/permits-licenses/wastewater-stormwater-water-withdrawal/spdes-permit-program/concentrated-animal-feeding-operations
372790.5622,4742114.159,848,Medium,NYA00E445,Cedar Pine Farm,https://dec.ny.gov/regulatory/permits-licenses/wastewater-stormwater-water-withdrawal/spdes-permit-program/concentrated-animal-feeding-operations
464583.1671,4759945.7589,849,Large,NYA00E447,"Gallagher Farms, LLC",https://dec.ny.gov/regulatory/permits-licenses/wastewater-stormwater-water-withdrawal/spdes-permit-program/concentrated-animal-feeding-operations
411312.2646,4702380.8459,850,Medium,NYA00E448,Drake Farms,https://dec.ny.gov/regulatory/permits-licenses/wastewater-stormwater-water-withdrawal/spdes-permit-program/concentrated-animal-feeding-operations
392967.9847,4727467.0952,851,Medium,NYA00E449,Ripley Farms,https://dec.ny.gov/regulatory/permits-licenses/wastewater-stormwater-water-withdrawal/spdes-permit-program/concentrated-animal-feeding-operations
624435.1521,4966948.1511,852,Large,NYA00E450,"Giroux's Poultry Farm, Inc.",https://dec.ny.gov/regulatory/permits-licenses/wastewater-stormwater-water-withdrawal/spdes-permit-program/concentrated-animal-feeding-operations
580401.9378,4756800.8318,853,Large,NYA00E451,"Eildon Tweed Farm, LLC",https://dec.ny.gov/regulatory/permits-licenses/wastewater-stormwater-water-withdrawal/spdes-permit-program/concentrated-animal-feeding-operations
469690.9734,4952812.5971,854,Large,NYA00E452,"Woodcrest Dairy, LLC",https://dec.ny.gov/regulatory/permits-licenses/wastewater-stormwater-water-withdrawal/spdes-permit-program/concentrated-animal-feeding-operations
413382.1088,4861572.1111,855,Large,NYA00E453,"North Harbor Dairy, LLC",https://dec.ny.gov/regulatory/permits-licenses/wastewater-stormwater-water-withdrawal/spdes-permit-program/concentrated-animal-feeding-operations
491994.8569,4968518.1622,856,Medium,NYA00E455,"Fobare Lake Farm, LLC",https://dec.ny.gov/regulatory/permits-licenses/wastewater-stormwater-water-withdrawal/spdes-permit-program/concentrated-animal-feeding-operations
387588.435,4676878.4431,857,Medium,NYA00E456,AA Dairy,https://dec.ny.gov/regulatory/permits-licenses/wastewater-stormwater-water-withdrawal/spdes-permit-program/concentrated-animal-feeding-operations
397199.3317,4707665.9735,858,Large,NYA00E457,Jerry Dell Farms,https://dec.ny.gov/regulatory/permits-licenses/wastewater-stormwater-water-withdrawal/spdes-permit-program/concentrated-animal-feeding-operations
399976.2091,4741456.0072,859,Medium,NYA00E458,Co- Vale Holsteins LLC,https://dec.ny.gov/regulatory/permits-licenses/wastewater-stormwater-water-withdrawal/spdes-permit-program/concentrated-animal-feeding-operations
398907.9427,4727567.483,860,Large,NYA00E459,"EZ Acres Dairy, LLC",https://dec.ny.gov/regulatory/permits-licenses/wastewater-stormwater-water-withdrawal/spdes-permit-program/concentrated-animal-feeding-operations
373649.8374,4739570.7157,861,Large,NYA00E460,Allen Farms LLC,https://dec.ny.gov/regulatory/permits-licenses/wastewater-stormwater-water-withdrawal/spdes-permit-program/concentrated-animal-feeding-operations
408226.4342,4733904.5569,862,Large,NYA00E461,Currie Valley Dairy LLC,https://dec.ny.gov/regulatory/permits-licenses/wastewater-stormwater-water-withdrawal/spdes-permit-program/concentrated-animal-feeding-operations
399744.3733,4726814.749,863,Medium,NYA00E462,Willow Breeze Farms LLC,https://dec.ny.gov/regulatory/permits-licenses/wastewater-stormwater-water-withdrawal/spdes-permit-program/concentrated-animal-feeding-operations
401961.0323,4744922.1691,864,Medium,NYA00E463,Lawrence Doody and Sons,https://dec.ny.gov/regulatory/permits-licenses/wastewater-stormwater-water-withdrawal/spdes-permit-program/concentrated-animal-feeding-operations
394076.2051,4743674.9958,865,Large,NYA00E464,Fesko Dairy LLC,https://dec.ny.gov/regulatory/permits-licenses/wastewater-stormwater-water-withdrawal/spdes-permit-program/concentrated-animal-feeding-operations
417597.3152,4700545.8455,866,Large,NYA00E465,Dairyland LLC,https://dec.ny.gov/regulatory/permits-licenses/wastewater-stormwater-water-withdrawal/spdes-permit-program/concentrated-animal-feeding-operations
332023.0212,4753608.936,867,Large,NYA00E466,DeBoover Family Farm LLC,https://dec.ny.gov/regulatory/permits-licenses/wastewater-stormwater-water-withdrawal/spdes-permit-program/concentrated-animal-feeding-operations
327714.0826,4739544.1789,868,Medium,NYA00E467,Gorham Dairy,https://dec.ny.gov/regulatory/permits-licenses/wastewater-stormwater-water-withdrawal/spdes-permit-program/concentrated-animal-feeding-operations
349167.8014,4697470.4686,869,Large,NYA00E468,Seneca Valley Farms LLC,https://dec.ny.gov/regulatory/permits-licenses/wastewater-stormwater-water-withdrawal/spdes-permit-program/concentrated-animal-feeding-operations
326780.8477,4753895.8959,870,Large,NYA00E471,Half Dutch Farm,https://dec.ny.gov/regulatory/permits-licenses/wastewater-stormwater-water-withdrawal/spdes-permit-program/concentrated-animal-feeding-operations
328432.4018,4764157.2646,871,Large,NYA00E472,"El-Vi Farms, LLC",https://dec.ny.gov/regulatory/permits-licenses/wastewater-stormwater-water-withdrawal/spdes-permit-program/concentrated-animal-feeding-operations
367176.5528,4651624.7349,872,Medium,NYA00E473,Lloyds USA Development Inc.,https://dec.ny.gov/regulatory/permits-licenses/wastewater-stormwater-water-withdrawal/spdes-permit-program/concentrated-animal-feeding-operations
223028.973,4726692.5267,873,Medium,NYA00E476,Robbiehill Family Dairy,https://dec.ny.gov/regulatory/permits-licenses/wastewater-stormwater-water-withdrawal/spdes-permit-program/concentrated-animal-feeding-operations
520270.5827,4737206.636,874,Medium,NYA00E477,"Young's Dairy Farm, LLC",https://dec.ny.gov/regulatory/permits-licenses/wastewater-stormwater-water-withdrawal/spdes-permit-program/concentrated-animal-feeding-operations
619434.5406,4974153.2316,875,Large,NYA00E478,"C.A.L.C. Properties, LLC",https://dec.ny.gov/regulatory/permits-licenses/wastewater-stormwater-water-withdrawal/spdes-permit-program/concentrated-animal-feeding-operations
267285.3297,4661417.0765,876,Medium,NYA00E480,BARNEY FARM,https://dec.ny.gov/regulatory/permits-licenses/wastewater-stormwater-water-withdrawal/spdes-permit-program/concentrated-animal-feeding-operations
251377.8018,4749213.4873,877,Medium,NYA00E482,R.L. Jeffres,https://dec.ny.gov/regulatory/permits-licenses/wastewater-stormwater-water-withdrawal/spdes-permit-program/concentrated-animal-feeding-operations
562993.4481,4967895.4393,878,Medium,NYA00E483,Stargo Dairy Farm,https://dec.ny.gov/regulatory/permits-licenses/wastewater-stormwater-water-withdrawal/spdes-permit-program/concentrated-animal-feeding-operations
632270.1371,4783144.1498,879,Medium,NYA00E485,Black Creek Valley Farm,https://dec.ny.gov/regulatory/permits-licenses/wastewater-stormwater-water-withdrawal/spdes-permit-program/concentrated-animal-feeding-operations
624022.307,4791389.4136,880,Medium,NYA00E486,Fullerton Dairy,https://dec.ny.gov/regulatory/permits-licenses/wastewater-stormwater-water-withdrawal/spdes-permit-program/concentrated-animal-feeding-operations
624165.0771,4972630.4064,881,Large,NYA00E487,Rovers Farm,https://dec.ny.gov/regulatory/permits-licenses/wastewater-stormwater-water-withdrawal/spdes-permit-program/concentrated-animal-feeding-operations
616070.6848,4977098.9237,882,Large,NYA00E488,Gonyo Bros. Farm,https://dec.ny.gov/regulatory/permits-licenses/wastewater-stormwater-water-withdrawal/spdes-permit-program/concentrated-animal-feeding-operations
564366.4718,4980922.2627,883,Medium,NYA00E489,Shipman Farm,https://dec.ny.gov/regulatory/permits-licenses/wastewater-stormwater-water-withdrawal/spdes-permit-program/concentrated-animal-feeding-operations
639601.2049,4809803.9951,884,Medium,NYA00E490,Red Top Dairy,https://dec.ny.gov/regulatory/permits-licenses/wastewater-stormwater-water-withdrawal/spdes-permit-program/concentrated-animal-feeding-operations
567179.3263,4978721.6593,885,Medium,NYA00E491,Sunset Lake Farm 2,https://dec.ny.gov/regulatory/permits-licenses/wastewater-stormwater-water-withdrawal/spdes-permit-program/concentrated-animal-feeding-operations
459154.1676,4847731.8719,886,Medium,NYA00E492,Silvery Falls Farm,https://dec.ny.gov/regulatory/permits-licenses/wastewater-stormwater-water-withdrawal/spdes-permit-program/concentrated-animal-feeding-operations
518638.6409,4764345.2942,887,Medium,NYA00E493,Timmerman Farms,https://dec.ny.gov/regulatory/permits-licenses/wastewater-stormwater-water-withdrawal/spdes-permit-program/concentrated-animal-feeding-operations
240524.9745,4785858.683,888,Medium,NYA00E494,Van Lieshout Farm,https://dec.ny.gov/regulatory/permits-licenses/wastewater-stormwater-water-withdrawal/spdes-permit-program/concentrated-animal-feeding-operations
600118.4507,4769969.6513,889,Large,NYA00E495,Saratoga Race Course,https://dec.ny.gov/regulatory/permits-licenses/wastewater-stormwater-water-withdrawal/spdes-permit-program/concentrated-animal-feeding-operations
612033.2595,4777523.4462,890,Medium,NYA00E496,Clear Echo Farm,https://dec.ny.gov/regulatory/permits-licenses/wastewater-stormwater-water-withdrawal/spdes-permit-program/concentrated-animal-feeding-operations
628545.3682,4802240.4742,891,Medium,NYA00E497,Twin Brooks Farm,https://dec.ny.gov/regulatory/permits-licenses/wastewater-stormwater-water-withdrawal/spdes-permit-program/concentrated-animal-feeding-operations
615118.15,4798680.2727,892,Large,NYA00E498,Ideal Dairy Farms,https://dec.ny.gov/regulatory/permits-licenses/wastewater-stormwater-water-withdrawal/spdes-permit-program/concentrated-animal-feeding-operations
624340.0647,4981626.4983,893,Medium,NYA00E500,LeDuc's Green Acre Farm,https://dec.ny.gov/regulatory/permits-licenses/wastewater-stormwater-water-withdrawal/spdes-permit-program/concentrated-animal-feeding-operations
618933.8112,4800537.8435,894,Medium,NYA00E501,Deep Roots Holsteins,https://dec.ny.gov/regulatory/permits-licenses/wastewater-stormwater-water-withdrawal/spdes-permit-program/concentrated-animal-feeding-operations
621681.8184,4806757.4744,895,Large,NYA00E502,Walker Farms,https://dec.ny.gov/regulatory/permits-licenses/wastewater-stormwater-water-withdrawal/spdes-permit-program/concentrated-animal-feeding-operations
325676.1226,4753684.757,896,Medium,NYA00E503,Landmark Farms Inc,https://dec.ny.gov/regulatory/permits-licenses/wastewater-stormwater-water-withdrawal/spdes-permit-program/concentrated-animal-feeding-operations
549032.3393,4970008.2628,897,Medium,NYA00E504,Monica Farms,https://dec.ny.gov/regulatory/permits-licenses/wastewater-stormwater-water-withdrawal/spdes-permit-program/concentrated-animal-feeding-operations
619711.1864,4806213.7356,898,Medium,NYA00E505,Heritage Hill Farm,https://dec.ny.gov/regulatory/permits-licenses/wastewater-stormwater-water-withdrawal/spdes-permit-program/concentrated-animal-feeding-operations
555268.5861,4750489.9361,899,Medium,NYA00E506,Glen Meadows Farm,https://dec.ny.gov/regulatory/permits-licenses/wastewater-stormwater-water-withdrawal/spdes-permit-program/concentrated-animal-feeding-operations
334942.4862,4740834.701,900,Medium,NYA00E507,Vince DeBoover Farm LLC,https://dec.ny.gov/regulatory/permits-licenses/wastewater-stormwater-water-withdrawal/spdes-permit-program/concentrated-animal-feeding-operations
324793.6318,4752043.6049,901,Medium,NYA00E508,Nedrow Farms,https://dec.ny.gov/regulatory/permits-licenses/wastewater-stormwater-water-withdrawal/spdes-permit-program/concentrated-animal-feeding-operations
114520.8092,4662681.558,902,Medium,NYA00E509,"Cabhi Farm, LLC",https://dec.ny.gov/regulatory/permits-licenses/wastewater-stormwater-water-withdrawal/spdes-permit-program/concentrated-animal-feeding-operations
604756.5305,4979485.4066,903,Medium,NYA00E510,Lamberton Farms,https://dec.ny.gov/regulatory/permits-licenses/wastewater-stormwater-water-withdrawal/spdes-permit-program/concentrated-animal-feeding-operations
337887.3995,4680855.9511,904,Medium,NYA00E511,"Vance Farms, LLC",https://dec.ny.gov/regulatory/permits-licenses/wastewater-stormwater-water-withdrawal/spdes-permit-program/concentrated-animal-feeding-operations
535738.7126,4976718.257,905,Medium,NYA00E512,Adventure Dairy,https://dec.ny.gov/regulatory/permits-licenses/wastewater-stormwater-water-withdrawal/spdes-permit-program/concentrated-animal-feeding-operations
190584.9677,4720513.2926,906,Medium,NYA00E513,"Happy Hollow Dairy Farm, LLC",https://dec.ny.gov/regulatory/permits-licenses/wastewater-stormwater-water-withdrawal/spdes-permit-program/concentrated-animal-feeding-operations
468763.4483,4923732.1975,907,Medium,NYA00E514,Corscadden Family Farm,https://dec.ny.gov/regulatory/permits-licenses/wastewater-stormwater-water-withdrawal/spdes-permit-program/concentrated-animal-feeding-operations
501767.9944,4755324.4456,908,Medium,NYA00E515,Len Lo Farms,https://dec.ny.gov/regulatory/permits-licenses/wastewater-stormwater-water-withdrawal/spdes-permit-program/concentrated-animal-feeding-operations
541070.9544,4968535.5091,909,Large,NYA00E516,Reiff Farm,https://dec.ny.gov/regulatory/permits-licenses/wastewater-stormwater-water-withdrawal/spdes-permit-program/concentrated-animal-feeding-operations
543610.8408,4961114.1868,910,Large,NYA00E517,Zimmerman Farm,https://dec.ny.gov/regulatory/permits-licenses/wastewater-stormwater-water-withdrawal/spdes-permit-program/concentrated-animal-feeding-operations
314944.5165,4786134.4184,911,Large,NYA00E518,Field Craft Farms,https://dec.ny.gov/regulatory/permits-licenses/wastewater-stormwater-water-withdrawal/spdes-permit-program/concentrated-animal-feeding-operations
378003.8725,4748705.7147,912,Medium,NYA00E519,Sunrise Ag,https://dec.ny.gov/regulatory/permits-licenses/wastewater-stormwater-water-withdrawal/spdes-permit-program/concentrated-animal-feeding-operations
608282.2272,4507496.1697,913,Large,NYA00E520,Belmont Park,https://dec.ny.gov/regulatory/permits-licenses/wastewater-stormwater-water-withdrawal/spdes-permit-program/concentrated-animal-feeding-operations
409795.8697,4707699.5707,914,Medium,NYA00E521,Pine Hollow Farm,https://dec.ny.gov/regulatory/permits-licenses/wastewater-stormwater-water-withdrawal/spdes-permit-program/concentrated-animal-feeding-operations
291272.864,4752626.031,915,Medium,NYA00E522,"Shanks Seven Bridges Farm, LLC",https://dec.ny.gov/regulatory/permits-licenses/wastewater-stormwater-water-withdrawal/spdes-permit-program/concentrated-animal-feeding-operations
445374.283,4737446.7486,916,Medium,NYA00E523,JD Grass LLC,https://dec.ny.gov/regulatory/permits-licenses/wastewater-stormwater-water-withdrawal/spdes-permit-program/concentrated-animal-feeding-operations
255359.7794,4740456.4739,917,Large,NYA00E524,Marquart Dairy,https://dec.ny.gov/regulatory/permits-licenses/wastewater-stormwater-water-withdrawal/spdes-permit-program/concentrated-animal-feeding-operations
337696.2553,4704438.9598,918,Medium,NYA00E525,David Burkholder Farm,https://dec.ny.gov/regulatory/permits-licenses/wastewater-stormwater-water-withdrawal/spdes-permit-program/concentrated-animal-feeding-operations
374928.1593,4788475.7333,919,Medium,NYA00E526,Ox-Cart Dairy,https://dec.ny.gov/regulatory/permits-licenses/wastewater-stormwater-water-withdrawal/spdes-permit-program/concentrated-animal-feeding-operations
230602.7892,4721530.4203,920,Medium,NYA00E527,Van Slyke Family Farm,https://dec.ny.gov/regulatory/permits-licenses/wastewater-stormwater-water-withdrawal/spdes-permit-program/concentrated-animal-feeding-operations
263015.9256,4768624.9004,921,Medium,NYA00E528,Boulder Farm,https://dec.ny.gov/regulatory/permits-licenses/wastewater-stormwater-water-withdrawal/spdes-permit-program/concentrated-animal-feeding-operations
403908.777,4735420.1911,922,Large,NYA00E529,Van Patten Farms LLC,https://dec.ny.gov/regulatory/permits-licenses/wastewater-stormwater-water-withdrawal/spdes-permit-program/concentrated-animal-feeding-operations
